City_ID,City,Country,Date,Lat,Lng,Max Temp,Humidity,Cloudiness,Wind Speed
0,Turayf,SA,2022-12-06 23:05:58,31.6725,38.6637,285.2,67,29,1.48
1,Vestmanna,FO,2022-12-06 23:05:58,62.1564,-7.1664,274.66,60,100,7.2
2,Busselton,AU,2022-12-06 23:05:59,-33.65,115.3333,287.62,67,8,7.14
3,Qaanaaq,GL,2022-12-06 23:05:59,77.484,-69.3632,272.71,69,100,4.28
4,Pevek,RU,2022-12-06 23:05:59,69.7008,170.3133,259.71,95,100,3.1
5,Dikson,RU,2022-12-06 23:06:00,73.5069,80.5464,258.54,98,86,3.78
6,Mount Isa,AU,2022-12-06 23:01:30,-20.7333,139.5,306.02,29,1,5.66
7,Calabozo,VE,2022-12-06 23:06:01,8.9242,-67.4293,299.49,48,9,0.74
8,Yichun,CN,2022-12-06 23:06:01,47.7,128.9,257.31,97,98,1.13
9,Edewecht,DE,2022-12-06 23:06:01,53.1333,7.9833,277.67,98,72,4.33
10,Atuona,PF,2022-12-06 23:06:02,-9.8,-139.0333,298.21,78,77,6.17
11,Luderitz,NA,2022-12-06 23:06:02,-26.6481,15.1594,287.58,79,1,7.02
12,Rikitea,PF,2022-12-06 23:06:02,-23.1203,-134.9692,297.36,77,8,7.36
13,Japura,ID,2022-12-06 23:06:03,-0.3167,102.35,295.85,99,95,0.45
14,Kapaa,US,2022-12-06 23:06:03,22.0752,-159.319,301.33,79,40,5.14
15,Kaitangata,NZ,2022-12-06 23:06:03,-46.2817,169.8464,286.81,54,2,7.02
16,Bredasdorp,ZA,2022-12-06 23:06:04,-34.5322,20.0403,288.28,71,19,0.34
17,Bunia,CD,2022-12-06 23:06:04,1.5667,30.25,289.04,87,77,0.87
18,Kaeo,NZ,2022-12-06 23:06:05,-35.1,173.7833,291.11,95,100,8.16
19,Avarua,CK,2022-12-06 23:06:05,-21.2078,-159.775,297.18,88,75,4.12
20,Ushuaia,AR,2022-12-06 23:01:52,-54.8,-68.3,277.17,69,73,3.94
21,Camocim,BR,2022-12-06 23:06:00,-2.9022,-40.8411,299.98,69,52,7.45
22,Airai,TL,2022-12-06 23:06:06,-8.9266,125.4092,292.55,54,61,0.56
23,Belaya Gora,RU,2022-12-06 23:06:06,68.5333,146.4167,235.84,94,93,1.79
24,Hobart,AU,2022-12-06 23:06:07,-42.8794,147.3294,289.41,61,20,2.57
25,Klaksvik,FO,2022-12-06 23:06:07,62.2266,-6.589,275.66,69,100,11.14
26,Castro,BR,2022-12-06 23:06:07,-24.7911,-50.0119,291.87,96,20,1.54
27,Singkawang,ID,2022-12-06 23:06:08,0.9,109.0,297.19,94,98,1.9
28,Zwedru,LR,2022-12-06 23:06:08,6.0667,-8.1281,296.41,94,48,1.18
29,Souillac,MU,2022-12-06 23:06:08,-20.5167,57.5167,297.69,81,54,7.55
30,Sobolevo,RU,2022-12-06 23:06:09,54.4299,31.8996,264.25,80,100,6.01
31,Bluff,NZ,2022-12-06 23:06:09,-46.6,168.3333,287.48,54,1,6.47
32,Nishihara,JP,2022-12-06 23:06:10,26.1842,127.7558,291.75,64,75,5.66
33,Geraldton,AU,2022-12-06 23:06:10,-28.7667,114.6,297.38,38,0,7.72
34,Longyearbyen,SJ,2022-12-06 23:06:10,78.2186,15.6401,261.06,56,20,4.63
35,Ilulissat,GL,2022-12-06 23:06:11,69.2167,-51.1,272.16,93,100,2.06
36,Bhag,PK,2022-12-06 23:06:11,29.0415,67.8239,290.77,25,0,1.63
37,Opuwo,NA,2022-12-06 23:06:12,-18.0607,13.84,291.82,32,0,2.37
38,Cherskiy,RU,2022-12-06 23:06:12,68.75,161.3,245.99,98,100,3.99
39,Ponta Do Sol,PT,2022-12-06 23:06:13,32.6667,-17.1,294.82,94,93,7.5
40,Preobrazheniye,RU,2022-12-06 23:06:13,42.9019,133.9064,267.48,67,31,4.82
41,Aberdeen,GB,2022-12-06 23:06:13,57.1437,-2.0981,276.76,91,75,7.72
42,Shingu,JP,2022-12-06 23:06:14,33.7333,135.9833,280.94,65,81,3.12
43,Ribeira Grande,PT,2022-12-06 23:06:14,38.5167,-28.7,288.02,80,99,9.39
44,Thompson,CA,2022-12-06 23:06:15,55.7435,-97.8558,248.15,89,82,3.89
45,Punta Arenas,CL,2022-12-06 23:06:15,-53.15,-70.9167,281.21,49,20,9.77
46,Port Elizabeth,ZA,2022-12-06 23:06:15,-33.918,25.5701,290.55,94,0,2.38
47,Lata,PT,2022-12-06 23:07:16,40.1629,-8.3327,284.86,95,99,1.28
48,Labuhan,ID,2022-12-06 23:07:16,-6.8844,112.2051,298.66,84,99,1.72
49,Tautira,PF,2022-12-06 23:07:16,-17.7333,-149.15,299.52,76,51,7.74
50,Bengkulu,ID,2022-12-06 23:07:17,-3.8004,102.2655,297.2,86,100,1.7
51,Torbay,CA,2022-12-06 23:05:42,47.6666,-52.7314,275.24,96,33,4.92
52,Cape Town,ZA,2022-12-06 23:07:18,-33.9258,18.4232,289.33,61,23,1.62
53,Victoria,HK,2022-12-06 23:06:30,22.2855,114.1577,290.34,81,5,5.36
54,Te Anau,NZ,2022-12-06 23:07:19,-45.4167,167.7167,288.27,58,40,0.83
55,Los Llanos De Aridane,ES,2022-12-06 23:07:19,28.6585,-17.9182,294.01,93,0,1.54
56,Albany,US,2022-12-06 23:02:47,42.6001,-73.9662,284.38,88,100,2.68
57,Hami,CN,2022-12-06 23:07:20,42.8,93.45,267.23,43,57,1.9
58,Leningradskiy,RU,2022-12-06 23:07:20,69.3833,178.4167,253.05,92,18,2.46
59,Ambon,ID,2022-12-06 23:07:20,-3.6954,128.1814,299.23,15,20,1.54
60,Tiksi,RU,2022-12-06 23:07:21,71.6872,128.8694,239.66,100,98,2.18
61,Alamosa,US,2022-12-06 23:07:21,37.4695,-105.87,279.14,42,0,8.23
62,Laguna,US,2022-12-06 23:03:01,38.421,-121.4238,288.57,67,40,3.09
63,Tura,IN,2022-12-06 23:07:22,25.5198,90.2201,287.81,86,28,1.44
64,Sterling,US,2022-12-06 23:07:22,39.0062,-77.4286,282.14,92,100,3.09
65,Sitka,US,2022-12-06 23:07:23,57.0531,-135.33,278.09,87,100,4.63
66,Igrim,RU,2022-12-06 23:07:23,63.1906,64.4162,257.73,90,32,3.14
67,Mar Del Plata,AR,2022-12-06 23:04:40,-38.0023,-57.5575,293.16,82,0,7.2
68,Mataura,NZ,2022-12-06 23:07:23,-46.1927,168.8643,287.3,41,1,3.86
69,Sayyan,YE,2022-12-06 23:07:24,15.1718,44.3244,282.83,33,0,0.9
70,Biak,ID,2022-12-06 23:07:24,-0.9131,122.8766,298.54,72,40,1.09
71,Mahebourg,MU,2022-12-06 23:07:25,-20.4081,57.7,297.73,80,29,7.88
72,Okitipupa,NG,2022-12-06 23:07:25,6.5047,4.7839,297.45,95,83,0.83
73,Butaritari,KI,2022-12-06 23:07:25,3.0707,172.7902,300.01,82,82,5.61
74,Port Alfred,ZA,2022-12-06 23:07:26,-33.5906,26.891,290.47,89,0,0.89
75,Aksarka,RU,2022-12-06 23:07:26,66.5606,67.7975,257.98,84,29,4.81
76,Sukumo,JP,2022-12-06 23:07:26,32.9333,132.7333,280.67,74,98,2.61
77,Hovd,MN,2022-12-06 23:07:27,48.0056,91.6419,255.61,75,6,2.11
78,Anadyr,RU,2022-12-06 23:07:27,64.75,177.4833,262.04,85,75,5.0
79,Wagar,SD,2022-12-06 23:07:27,16.1525,36.2032,296.55,70,0,3.6
80,Warrensburg,US,2022-12-06 23:07:28,38.7628,-93.7361,278.05,77,100,0.0
81,Ulladulla,AU,2022-12-06 23:07:28,-35.35,150.4667,296.41,41,51,1.83
82,Cockburn Town,TC,2022-12-06 23:07:29,21.4612,-71.1419,298.84,63,53,7.22
83,Oriximina,BR,2022-12-06 23:07:29,-1.7656,-55.8661,300.83,68,82,1.93
84,Avera,US,2022-12-06 23:07:29,33.194,-82.5271,291.14,91,94,1.01
85,Tuktoyaktuk,CA,2022-12-06 23:07:30,69.4541,-133.0374,246.88,83,100,5.12
86,San Cristobal,VE,2022-12-06 23:07:30,7.7669,-72.225,291.79,94,73,1.59
87,Severo-Kurilsk,RU,2022-12-06 23:07:30,50.6789,156.125,271.82,80,41,5.17
88,Alofi,NU,2022-12-06 23:07:31,-19.0595,-169.9187,299.86,71,61,1.73
89,Marfino,RU,2022-12-06 23:07:31,55.7028,37.3822,266.23,61,0,5.0
90,Christchurch,NZ,2022-12-06 23:07:32,-43.5333,172.6333,287.27,71,75,4.63
91,Hithadhoo,MV,2022-12-06 23:07:32,-0.6,73.0833,300.74,75,60,5.85
92,Alta Floresta,BR,2022-12-06 23:08:32,-9.8756,-56.0861,298.47,74,99,1.5
93,Lakes Entrance,AU,2022-12-06 23:08:33,-37.8811,147.981,294.91,57,11,1.86
94,Galle,LK,2022-12-06 23:08:33,6.0367,80.217,297.08,86,99,6.01
95,Linden,GY,2022-12-06 23:08:34,6.0,-58.3,296.18,98,79,1.57
96,Tasiilaq,GL,2022-12-06 23:08:34,65.6145,-37.6368,271.24,62,12,4.6
97,Hilo,US,2022-12-06 23:06:53,19.7297,-155.09,299.4,92,100,1.79
98,Markova,UA,2022-12-06 23:08:34,48.6758,24.4138,275.7,91,100,1.96
99,New Norfolk,AU,2022-12-06 23:08:35,-42.7826,147.0587,289.22,42,61,1.0
100,Popondetta,PG,2022-12-06 23:08:35,-8.7537,148.2534,298.85,86,100,0.13
101,Antalaha,MG,2022-12-06 23:08:36,-14.9003,50.2788,294.92,83,41,3.23
102,Narsaq,GL,2022-12-06 23:08:36,60.9167,-46.05,274.27,99,100,2.47
103,Tirano,IT,2022-12-06 23:08:37,46.2154,10.1679,278.97,100,38,2.4
104,Asilah,MA,2022-12-06 23:08:37,35.465,-6.0348,288.13,83,78,2.46
105,Yellowknife,CA,2022-12-06 23:05:14,62.456,-114.3525,241.79,74,91,0.89
106,Canberra,AU,2022-12-06 23:07:06,-35.2835,149.1281,294.64,55,62,5.81
107,Sampit,ID,2022-12-06 23:08:37,-2.5333,112.95,296.72,97,100,0.46
108,Lorengau,PG,2022-12-06 23:08:38,-2.0226,147.2712,300.89,80,98,3.52
109,Liverpool,GB,2022-12-06 23:06:36,53.4106,-2.9779,276.38,91,0,3.09
110,Fortuna,US,2022-12-06 23:08:39,40.5982,-124.1573,285.33,71,0,4.63
111,Saskylakh,RU,2022-12-06 23:08:39,71.9167,114.0833,250.1,95,100,7.0
112,Tres Arroyos,AR,2022-12-06 23:08:39,-38.3739,-60.2798,292.82,40,2,6.25
113,Plastun,RU,2022-12-06 23:08:40,44.7561,136.2939,264.67,69,97,3.23
114,Sabang,ID,2022-12-06 23:08:40,5.8933,95.3214,299.42,82,100,9.96
115,Ishurdi,BD,2022-12-06 23:08:40,24.1333,89.0833,289.14,47,43,3.41
116,Ukiah,US,2022-12-06 23:08:41,39.1502,-123.2078,287.12,62,75,1.54
117,Vaini,TO,2022-12-06 23:08:41,-21.2,-175.2,299.35,82,77,4.28
118,Grants Pass,US,2022-12-06 23:08:42,42.439,-123.3284,283.24,69,100,2.06
119,Ostrovnoy,RU,2022-12-06 23:08:42,68.0531,39.5131,269.12,90,43,10.68
120,Tomatlan,MX,2022-12-06 23:08:42,19.9333,-105.25,301.09,66,1,2.57
121,Isangel,VU,2022-12-06 23:08:43,-19.55,169.2667,302.48,69,70,1.47
122,Carnarvon,AU,2022-12-06 23:08:43,-24.8667,113.6333,294.59,72,71,6.66
123,Nouadhibou,MR,2022-12-06 23:08:43,20.931,-17.0347,292.36,79,17,5.3
124,Sinnamary,GF,2022-12-06 23:08:44,5.3833,-52.95,298.45,90,69,3.88
125,Chokurdakh,RU,2022-12-06 23:08:44,70.6333,147.9167,249.4,99,100,2.58
126,Esso,RU,2022-12-06 23:08:44,55.9333,158.7,257.6,98,89,1.36
127,Mingaora,PK,2022-12-06 23:08:45,34.7758,72.3625,282.33,31,39,2.94
128,Kurchum,KZ,2022-12-06 23:08:45,48.5722,83.6542,250.69,100,100,0.66
129,Broken Hill,AU,2022-12-06 23:08:45,-31.95,141.4333,299.11,33,100,2.98
130,Mackay,AU,2022-12-06 23:05:09,-21.15,149.2,305.75,60,0,3.44
131,Nikolskoye,RU,2022-12-06 23:08:46,59.7035,30.7861,268.1,92,100,4.07
132,Maragogi,BR,2022-12-06 23:08:46,-9.0122,-35.2225,297.98,82,68,2.19
133,Mariental,NA,2022-12-06 23:08:47,-24.6333,17.9667,296.3,12,1,1.52
134,Sumbe,AO,2022-12-06 23:08:47,-11.2061,13.8437,298.31,87,97,1.61
135,Lavrentiya,RU,2022-12-06 23:09:47,65.5833,-171.0,266.75,88,99,2.26
136,Basco,PH,2022-12-06 23:09:48,20.4487,121.9702,298.79,79,85,9.94
137,Barrow,US,2022-12-06 23:09:48,71.2906,-156.7887,266.16,86,100,7.2
138,Belmonte,BR,2022-12-06 23:09:48,-15.8631,-38.8828,296.88,87,89,2.75
139,Cidreira,BR,2022-12-06 23:09:49,-30.1811,-50.2056,294.29,92,10,2.72
140,Sri Aman,MY,2022-12-06 23:09:49,1.2376,111.4621,295.97,99,95,0.82
141,Adrar,MR,2022-12-06 23:09:50,20.5022,-10.0711,298.31,28,0,3.38
142,Brest,BY,2022-12-06 23:09:50,52.1,23.7,273.68,98,100,4.39
143,Silver City,US,2022-12-06 23:09:50,32.7701,-108.2803,287.13,53,0,6.17
144,Vanimo,PG,2022-12-06 23:09:51,-2.6741,141.3028,300.15,83,94,1.61
145,Saint-Philippe,RE,2022-12-06 23:09:51,-21.3585,55.7679,297.92,87,70,6.19
146,Jamestown,US,2022-12-06 23:09:51,42.097,-79.2353,280.92,75,100,2.57
147,Nijar,ES,2022-12-06 23:09:52,36.9665,-2.206,286.95,88,100,3.09
148,Aklavik,CA,2022-12-06 23:09:52,68.2191,-135.0107,251.64,88,100,5.71
149,Belyy Yar,RU,2022-12-06 23:09:52,53.6039,91.3903,245.29,68,75,0.0
150,Lazaro Cardenas,MX,2022-12-06 23:09:53,17.9583,-102.2,300.84,71,3,3.0
151,Hermanus,ZA,2022-12-06 23:09:53,-34.4187,19.2345,289.43,66,13,0.5
152,Khatanga,RU,2022-12-06 23:09:54,71.9667,102.5,253.32,97,100,4.43
153,Ust-Kuyga,RU,2022-12-06 23:09:54,70.0167,135.6,232.98,100,61,0.79
154,Puerto Ayora,EC,2022-12-06 23:09:26,-0.7393,-90.3518,296.23,80,49,0.89
155,Moyo,UG,2022-12-06 23:09:54,3.6609,31.7247,292.04,75,25,0.33
156,Vyartsilya,RU,2022-12-06 23:09:55,62.1764,30.693,269.6,100,100,3.08
157,Saint-Georges,GD,2022-12-06 23:09:55,12.0564,-61.7485,298.97,78,20,2.06
158,Skoghall,SE,2022-12-06 23:09:56,59.3232,13.4655,269.46,93,75,3.09
159,Saint-Joseph,RE,2022-12-06 23:09:56,-21.3667,55.6167,297.36,83,57,6.41
160,Teseney,ER,2022-12-06 23:09:56,15.11,36.6575,296.32,65,2,3.41
161,Egvekinot,RU,2022-12-06 23:09:57,66.3167,-179.1667,258.62,93,100,1.32
162,Esperance,AU,2022-12-06 23:09:57,-33.8667,121.9,288.65,64,78,5.84
163,Bara,NG,2022-12-06 23:09:57,10.3744,10.7288,295.4,26,17,3.87
164,Swan River,CA,2022-12-06 23:09:58,52.1058,-101.2676,243.21,93,9,3.01
165,Arraial Do Cabo,BR,2022-12-06 23:09:58,-22.9661,-42.0278,295.41,94,100,8.61
166,Andenes,NO,2022-12-06 23:09:58,69.3143,16.1194,273.14,80,75,10.29
167,Nizhniy Tsasuchey,RU,2022-12-06 23:09:59,50.5167,115.1333,261.2,79,14,5.23
168,Kostomuksha,RU,2022-12-06 23:09:59,64.571,30.5767,270.12,94,100,4.07
169,Meulaboh,ID,2022-12-06 23:09:59,4.1363,96.1285,296.47,94,100,1.67
170,Coquimbo,CL,2022-12-06 23:10:00,-29.9533,-71.3436,290.0,82,0,5.14
171,East London,ZA,2022-12-06 23:05:10,-33.0153,27.9116,290.62,86,33,3.84
172,Santa Helena,BR,2022-12-06 23:10:00,-2.2311,-45.3,297.87,85,21,1.35
173,Provideniya,RU,2022-12-06 23:10:01,64.3833,-173.3,270.21,74,40,7.15
174,Margate,GB,2022-12-06 23:10:01,51.3813,1.3862,278.54,89,91,2.68
175,Lebu,CL,2022-12-06 23:10:01,-37.6167,-73.65,290.54,73,3,2.31
176,Chapulhuacan,MX,2022-12-06 23:10:02,21.1667,-98.9,293.79,81,23,1.67
177,Port Macquarie,AU,2022-12-06 23:08:35,-31.4333,152.9167,299.2,59,17,3.08
178,Springdale,US,2022-12-06 23:07:55,36.1867,-94.1288,286.76,87,75,4.63
179,Suntar,RU,2022-12-06 23:10:10,62.1444,117.6319,257.94,95,100,3.58
180,Dzerzhinsk,RU,2022-12-06 23:10:11,56.2389,43.4631,263.05,85,0,4.0
181,Miles City,US,2022-12-06 23:10:11,46.4083,-105.8406,257.69,85,100,5.14
182,Richards Bay,ZA,2022-12-06 23:11:12,-28.783,32.0377,293.12,89,100,0.73
183,Upernavik,GL,2022-12-06 23:11:12,72.7868,-56.1549,272.3,80,100,11.69
184,Chapada Dos Guimaraes,BR,2022-12-06 23:07:44,-15.4606,-55.7497,297.96,60,99,2.33
185,Chuy,UY,2022-12-06 23:09:21,-33.6971,-53.4616,291.69,91,0,2.86
186,Praia Da Vitoria,PT,2022-12-06 23:11:13,38.7333,-27.0667,286.9,89,95,11.86
187,Easley,US,2022-12-06 23:11:13,34.8298,-82.6015,286.5,96,100,1.1
188,Guerrero Negro,MX,2022-12-06 23:11:14,27.9769,-114.0611,291.02,57,11,7.57
189,Oskaloosa,US,2022-12-06 23:11:14,41.2964,-92.6444,278.47,93,0,3.09
190,Cervo,ES,2022-12-06 23:11:14,43.6702,-7.4101,285.5,83,90,1.17
191,Treinta Y Tres,UY,2022-12-06 23:11:13,-33.2333,-54.3833,295.52,59,0,4.59
192,Butka,RU,2022-12-06 23:11:15,56.7179,63.7866,254.15,96,21,2.43
193,North Bend,US,2022-12-06 23:11:15,43.4065,-124.2243,284.1,88,0,2.06
194,Nakanojo,JP,2022-12-06 23:11:16,36.5833,138.85,276.24,78,19,1.7
195,Kananga,CD,2022-12-06 23:11:16,-5.8958,22.4178,292.46,97,94,0.98
196,Pangai,TO,2022-12-06 23:11:17,-19.8,-174.35,300.45,75,96,3.84
197,Inirida,CO,2022-12-06 23:11:17,3.8653,-67.9239,296.87,94,79,1.18
198,Betsiamites,CA,2022-12-06 23:11:17,48.9413,-68.646,278.37,94,100,4.26
199,Lusambo,CD,2022-12-06 23:11:18,-4.9667,23.45,292.66,99,18,0.73
200,Dali,CN,2022-12-06 23:11:18,25.7,100.1833,278.49,85,0,1.24
201,Khash,IR,2022-12-06 23:11:19,28.2211,61.2158,282.45,51,2,0.67
202,Carutapera,BR,2022-12-06 23:11:19,-1.195,-46.02,298.59,86,11,3.87
203,Mackenzie,CA,2022-12-06 23:11:19,55.2999,-123.1698,261.27,79,100,3.09
204,Xuanhua,CN,2022-12-06 23:11:20,40.6103,115.0447,267.47,26,1,1.68
205,Sagua De Tanamo,CU,2022-12-06 23:11:20,20.5819,-75.2414,296.32,72,24,2.82
206,Cortez,US,2022-12-06 23:11:20,37.3489,-108.5859,280.57,54,100,1.54
207,Bafoulabe,ML,2022-12-06 23:11:21,13.8065,-10.8321,302.85,26,2,2.3
208,Tigil,RU,2022-12-06 23:11:21,57.8,158.6667,265.54,83,100,5.68
209,Yeppoon,AU,2022-12-06 23:11:21,-23.1333,150.7333,301.03,55,0,1.35
210,Haines Junction,CA,2022-12-06 23:11:22,60.7522,-137.5108,267.92,97,99,0.23
211,Beringovskiy,RU,2022-12-06 23:11:22,63.05,179.3167,263.5,84,100,3.72
212,Gimli,CA,2022-12-06 23:11:23,50.6336,-96.9907,251.31,95,100,3.3
213,Jizan,SA,2022-12-06 23:11:23,17.3333,42.6667,298.94,75,0,1.37
214,Coracao De Jesus,BR,2022-12-06 23:11:23,-16.6853,-44.365,293.07,92,100,2.0
215,La Ciotat,FR,2022-12-06 23:11:24,43.1748,5.6045,284.16,52,36,2.44
216,Saint-Leu,RE,2022-12-06 23:11:24,-21.15,55.2833,297.63,78,26,2.79
217,Pundaguitan,PH,2022-12-06 23:11:24,6.3711,126.1689,300.0,76,83,2.24
218,Alexandria,EG,2022-12-06 23:06:48,31.2156,29.9553,290.81,62,0,1.99
219,Dengzhou,CN,2022-12-06 23:11:25,37.8086,120.7508,278.15,52,0,7.27
220,Usinsk,RU,2022-12-06 23:11:25,65.9939,57.5281,258.14,91,100,9.61
221,Zaterechnyy,RU,2022-12-06 23:11:26,44.7931,45.2097,268.82,77,65,5.17
222,Oxelosund,SE,2022-12-06 23:11:26,58.6706,17.1015,269.36,93,0,2.57
223,Beisfjord,NO,2022-12-06 23:11:27,68.3751,17.5988,272.18,83,96,3.81
224,Taltal,CL,2022-12-06 23:11:27,-25.4,-70.4833,292.75,75,28,2.38
225,Tete,MZ,2022-12-06 23:11:27,-16.1564,33.5867,300.15,55,70,1.1
226,Clearwater,US,2022-12-06 23:09:27,27.9659,-82.8001,297.65,79,0,2.57
227,San Carlos De Bariloche,AR,2022-12-06 23:09:29,-41.1456,-71.3082,290.51,39,20,6.17
228,Havoysund,NO,2022-12-06 23:12:28,70.9963,24.6622,276.28,63,100,6.95
229,Pedernales,DO,2022-12-06 23:12:28,18.0384,-71.744,297.73,73,14,1.36
230,Ayan,RU,2022-12-06 23:12:29,56.45,138.1667,255.9,71,27,3.81
231,Wanaka,NZ,2022-12-06 23:08:23,-44.7,169.15,290.43,58,86,1.79
232,Nioro,GM,2022-12-06 23:12:29,13.35,-15.75,299.82,44,2,2.69
233,Waddan,LY,2022-12-06 23:12:29,29.1614,16.139,289.2,44,19,0.93
234,Mehamn,NO,2022-12-06 23:12:30,71.0357,27.8492,275.1,93,100,6.17
235,Seguela,CI,2022-12-06 23:12:30,7.9611,-6.6731,299.03,53,29,1.48
236,Koungheul,SN,2022-12-06 23:12:30,13.9833,-14.8,302.8,39,2,3.59
237,Dingle,PH,2022-12-06 23:12:31,10.9995,122.6711,297.54,92,42,3.12
238,Tiznit,MA,2022-12-06 23:12:31,29.5833,-9.5,288.8,69,100,1.34
239,Hinton,CA,2022-12-06 23:12:32,53.4001,-117.5857,257.99,96,100,1.06
240,Nanortalik,GL,2022-12-06 23:12:32,60.1432,-45.2371,275.24,98,100,1.61
241,Codrington,AU,2022-12-06 23:12:33,-38.2667,141.9667,285.85,73,62,6.05
242,Ancud,CL,2022-12-06 23:12:24,-41.8697,-73.8203,287.8,85,75,2.78
243,Tongchuan,CN,2022-12-06 23:12:33,35.0806,109.0897,274.58,52,68,0.71
244,Plettenberg Bay,ZA,2022-12-06 23:12:33,-34.0527,23.3716,288.76,89,0,1.13
245,Tolmin,SI,2022-12-06 23:12:34,46.183,13.7332,279.46,93,53,2.24
246,Saint-Francois,FR,2022-12-06 23:12:34,46.4154,3.9054,275.19,100,100,0.0
247,Zhezkazgan,KZ,2022-12-06 23:12:35,47.8043,67.7144,258.22,95,100,3.06
248,Fereydun Kenar,IR,2022-12-06 23:12:35,36.6864,52.5225,280.73,66,26,2.65
249,Bartica,GY,2022-12-06 23:12:35,6.4,-58.6167,298.33,98,99,1.27
250,Thaba Nchu,ZA,2022-12-06 23:12:36,-29.2093,26.839,288.68,20,43,4.89
251,Pahrump,US,2022-12-06 23:12:36,36.2083,-115.9839,285.65,44,86,2.68
252,Bodh Gaya,IN,2022-12-06 23:12:36,24.7,84.9833,284.02,52,0,2.38
253,Georgetown,MY,2022-12-06 23:12:37,5.4112,100.3354,297.11,96,20,0.0
254,Nadym,RU,2022-12-06 23:12:37,65.5333,72.5167,255.0,93,37,4.93
255,Barcelos,PT,2022-12-06 23:07:50,41.5388,-8.6151,285.88,88,97,1.56
256,Maceio,BR,2022-12-06 23:12:37,-9.6658,-35.7353,296.84,94,0,2.57
257,Lixourion,GR,2022-12-06 23:12:38,38.2019,20.4314,288.33,85,100,5.22
258,Balkhash,KZ,2022-12-06 23:12:38,46.844,74.9804,256.65,86,83,3.71
259,Bar Harbor,US,2022-12-06 23:12:38,44.3876,-68.2039,281.08,82,40,2.68
260,Saint Cloud,US,2022-12-06 23:12:39,45.5608,-94.1625,270.15,58,0,0.0
261,Chaoyang,CN,2022-12-06 23:12:39,41.5703,120.4586,266.38,38,0,2.36
262,Bambous Virieux,MU,2022-12-06 23:12:39,-20.3428,57.7575,297.16,81,27,7.78
263,Mutoko,ZW,2022-12-06 23:12:40,-17.397,32.2268,291.9,79,53,0.9
264,Portland,US,2022-12-06 23:09:34,45.5234,-122.6762,280.4,86,75,0.89
265,Yulara,AU,2022-12-06 23:12:40,-25.2406,130.9889,303.9,30,26,6.0
266,Kununurra,AU,2022-12-06 23:12:41,-15.7667,128.7333,302.14,84,94,2.06
267,Norman Wells,CA,2022-12-06 23:12:41,65.282,-126.8329,241.99,93,100,2.08
268,Kenora,CA,2022-12-06 23:08:40,49.8167,-94.4337,254.69,84,100,1.34
269,Senador Jose Porfirio,BR,2022-12-06 23:12:41,-2.5908,-51.9542,298.35,83,49,1.72
270,Cam Ranh,VN,2022-12-06 23:12:42,11.9214,109.1591,296.13,100,75,3.09
271,Racine,US,2022-12-06 23:12:42,42.7495,-88.0751,277.97,87,75,0.45
272,Chenghai,CN,2022-12-06 23:12:42,23.4632,116.768,289.31,68,100,2.66
273,Aksu,CN,2022-12-06 23:12:43,41.1231,80.2644,269.29,38,94,0.74
274,Kodiak,US,2022-12-06 23:12:43,57.79,-152.4072,275.88,70,0,9.26
275,Toamasina,MG,2022-12-06 23:13:43,-18.1667,49.3833,296.94,76,58,2.35
276,Katsuura,JP,2022-12-06 23:13:44,35.1333,140.3,284.42,66,6,1.97
277,Pachora,IN,2022-12-06 23:13:44,20.6667,75.35,293.7,64,2,2.38
278,Dudinka,RU,2022-12-06 23:13:44,69.4058,86.1778,266.83,94,100,7.68
279,Sao Filipe,CV,2022-12-06 23:13:45,14.8961,-24.4956,296.3,73,69,1.7
280,Mati,PH,2022-12-06 23:13:45,6.9551,126.2166,298.75,73,90,0.83
281,Puro,PH,2022-12-06 23:13:46,12.4841,123.3827,299.13,83,73,3.44
282,Faanui,PF,2022-12-06 23:13:46,-16.4833,-151.75,299.93,74,38,7.12
283,Hasaki,JP,2022-12-06 23:12:12,35.7333,140.8333,277.16,61,6,3.7
284,Poso,ID,2022-12-06 23:13:46,-1.3959,120.7524,298.7,79,95,1.29
285,Aykhal,RU,2022-12-06 23:13:47,66.0,111.5,257.48,95,100,9.85
286,Cabo San Lucas,MX,2022-12-06 23:13:37,22.8909,-109.9124,302.38,57,0,2.06
287,Miandrivazo,MG,2022-12-06 23:13:47,-19.5167,45.4667,298.39,78,52,0.86
288,Hammerfest,NO,2022-12-06 23:13:48,70.6634,23.6821,272.4,100,75,3.09
289,Rivne,UA,2022-12-06 23:13:48,50.6231,26.2274,272.62,97,100,6.76
290,Koupela,BF,2022-12-06 23:13:48,12.1794,-0.3517,299.26,17,31,4.06
291,Saint-Augustin,CA,2022-12-06 23:13:48,51.226,-58.6502,268.64,90,100,2.26
292,Port Lincoln,AU,2022-12-06 23:13:49,-34.7333,135.8667,287.93,64,92,7.94
293,Norton,ZW,2022-12-06 23:13:49,-17.8833,30.7,290.85,82,95,1.87
294,Bulawayo,ZW,2022-12-06 23:13:50,-20.15,28.5833,292.63,74,100,2.68
295,Puerto Escondido,MX,2022-12-06 23:13:50,15.85,-97.0667,302.61,65,0,3.6
296,Ahipara,NZ,2022-12-06 23:13:50,-35.1667,173.1667,291.87,79,99,7.17
297,Poya,NC,2022-12-06 23:13:51,-21.35,165.15,299.34,84,97,2.38
298,Ustye,RU,2022-12-06 23:13:51,59.6304,39.736,267.47,76,100,5.55
299,Talcahuano,CL,2022-12-06 23:10:16,-36.7167,-73.1167,290.97,82,20,4.12
300,Bafra,TR,2022-12-06 23:13:51,41.5678,35.9069,283.61,81,87,1.58
301,Douentza,ML,2022-12-06 23:13:52,14.9951,-2.9517,299.68,19,74,1.63
302,Sosnovo-Ozerskoye,RU,2022-12-06 23:13:52,52.5249,111.5418,259.55,76,98,5.37
303,Cayenne,GF,2022-12-06 23:09:13,4.9333,-52.3333,299.17,89,0,1.54
304,Saint George,US,2022-12-06 23:13:53,37.1041,-113.5841,285.06,65,100,1.54
305,Bahir Dar,ET,2022-12-06 23:13:53,11.5936,37.3908,288.86,52,18,1.35
306,San Ignacio,BZ,2022-12-06 23:13:53,17.1561,-89.0714,297.01,82,13,2.47
307,Hualmay,PE,2022-12-06 23:13:54,-11.0964,-77.6139,293.46,79,33,4.26
308,Husavik,IS,2022-12-06 23:13:54,66.0449,-17.3389,270.74,82,95,3.47
309,Hamilton,US,2022-12-06 23:13:54,39.1834,-84.5333,285.62,96,100,1.54
310,Pechora,RU,2022-12-06 23:13:55,65.1472,57.2244,258.19,88,99,6.35
311,Sisimiut,GL,2022-12-06 23:13:55,66.9395,-53.6735,270.73,93,85,8.7
312,Tanah Merah,MY,2022-12-06 23:13:55,5.8,102.15,295.48,98,82,0.92
313,Reforma,MX,2022-12-06 23:13:56,18.1,-91.0167,298.42,77,42,2.27
314,Palmas De Monte Alto,BR,2022-12-06 23:13:56,-14.2672,-43.1619,297.56,67,100,1.18
315,Arkhara,RU,2022-12-06 23:13:56,49.4212,130.0842,254.0,99,100,0.64
316,San Vicente,AR,2022-12-06 23:13:57,-26.6167,-54.1333,294.55,87,57,0.54
317,Misratah,LY,2022-12-06 23:13:57,32.3754,15.0925,292.54,44,68,3.47
318,Baracoa,CU,2022-12-06 23:13:57,20.3467,-74.4958,296.82,76,30,4.23
319,Kruisfontein,ZA,2022-12-06 23:13:58,-34.0033,24.7314,288.09,86,0,1.3
320,Loa Janan,ID,2022-12-06 23:13:58,-0.583,117.095,296.83,96,31,0.59
321,Mabaruma,GY,2022-12-06 23:13:58,8.2,-59.7833,296.37,92,91,1.32
322,Ambilobe,MG,2022-12-06 23:13:59,-13.2,49.05,296.76,80,1,1.57
323,Palu,ID,2022-12-06 23:13:59,-0.8917,119.8707,298.26,94,87,0.92
324,Puerto Del Rosario,ES,2022-12-06 23:14:59,28.5004,-13.8627,293.01,83,20,2.57
325,Cabo Rojo,PR,2022-12-06 23:15:00,18.0866,-67.1457,299.39,80,10,5.73
326,Sandovo,RU,2022-12-06 23:15:01,58.4602,36.4128,267.09,75,100,5.83
327,Carballo,ES,2022-12-06 23:15:01,43.213,-8.691,285.32,93,100,1.04
328,Lompoc,US,2022-12-06 23:14:26,34.6391,-120.4579,289.83,71,0,6.17
329,Fecamp,FR,2022-12-06 23:15:01,49.7579,0.3746,278.64,75,99,3.38
330,Bathsheba,BB,2022-12-06 23:15:02,13.2167,-59.5167,297.62,91,20,3.09
331,Clyde River,CA,2022-12-06 23:15:02,70.4692,-68.5914,259.91,88,100,1.46
332,Alihe,CN,2022-12-06 23:15:03,50.5667,123.7167,248.23,98,21,1.62
333,Nieuw Amsterdam,SR,2022-12-06 23:15:03,5.8833,-55.0833,300.38,84,40,2.06
334,Ulaangom,MN,2022-12-06 23:15:04,49.9811,92.0667,245.15,93,61,1.02
335,Valdivia,CL,2022-12-06 23:12:29,-39.8142,-73.2459,295.2,63,3,1.7
336,Santa Cecilia,BR,2022-12-06 23:15:04,-26.9608,-50.4269,289.37,98,26,0.37
337,Jodhpur,IN,2022-12-06 23:15:05,26.2867,73.03,287.86,25,0,3.05
338,Sola,VU,2022-12-06 23:15:05,-13.8833,167.55,301.32,72,26,5.32
339,Nome,US,2022-12-06 23:15:06,64.5011,-165.4064,266.19,93,0,2.57
340,Koboko,UG,2022-12-06 23:15:06,3.4136,30.9599,290.68,86,43,1.28
341,Kholmsk,RU,2022-12-06 23:15:06,47.0511,142.0569,268.63,68,100,6.71
342,Grand Gaube,MU,2022-12-06 23:11:02,-20.0064,57.6608,297.25,76,17,3.13
343,Bosobolo,CD,2022-12-06 23:15:07,4.1833,19.9,297.14,66,89,0.71
344,Tianpeng,CN,2022-12-06 23:15:07,30.9866,103.9393,280.72,76,34,1.02
345,Tinaquillo,VE,2022-12-06 23:11:51,9.9186,-68.3047,299.19,73,10,2.53
346,Roald,NO,2022-12-06 23:15:08,62.5833,6.1333,275.24,93,75,3.09
347,Vardo,NO,2022-12-06 23:15:08,70.3705,31.1107,274.14,86,20,7.2
348,Port Moresby,PG,2022-12-06 23:12:12,-9.4431,147.1797,301.61,68,89,1.12
349,Mezen,RU,2022-12-06 23:15:09,65.8522,44.24,265.29,91,100,4.1
350,Novoshcherbinovskaya,RU,2022-12-06 23:15:09,46.4767,38.6476,268.91,53,70,7.31
351,Atambua,ID,2022-12-06 23:15:10,-9.1061,124.8925,298.52,72,78,0.44
352,Viedma,AR,2022-12-06 23:12:12,-40.8135,-62.9967,293.41,29,17,7.51
353,Ngaoundere,CM,2022-12-06 23:15:10,7.3167,13.5833,293.34,29,0,1.71
354,Neuquen,AR,2022-12-06 23:10:34,-38.9516,-68.0591,305.69,10,1,8.04
355,Clifton,US,2022-12-06 23:10:56,40.8584,-74.1638,286.43,92,100,5.66
356,Rotterdam,NL,2022-12-06 23:15:11,51.9225,4.4792,279.18,90,85,2.57
357,Iqaluit,CA,2022-12-06 23:15:11,63.7506,-68.5145,263.54,72,15,6.71
358,Badamdar,AZ,2022-12-06 23:15:12,40.3394,49.8039,276.12,71,95,4.31
359,Llano De Piedra,PA,2022-12-06 23:15:12,7.6667,-80.5667,298.09,99,59,2.26
360,Rio Gallegos,AR,2022-12-06 23:15:12,-51.6226,-69.2181,283.07,31,99,11.79
361,Namibe,AO,2022-12-06 23:15:13,-15.1961,12.1522,293.37,83,11,2.1
362,Saldanha,ZA,2022-12-06 23:13:52,-33.0117,17.9442,289.13,84,21,3.32
363,Massakory,TD,2022-12-06 23:15:13,12.996,15.7293,296.93,17,0,6.25
364,Moose Jaw,CA,2022-12-06 23:12:13,50.4001,-105.5344,248.44,97,99,2.11
365,Yaan,NG,2022-12-06 23:15:13,7.3833,8.5667,299.44,21,99,1.15
366,Lagoa,PT,2022-12-06 23:15:14,39.05,-27.9833,287.81,79,100,15.21
367,Vila Franca Do Campo,PT,2022-12-06 23:15:15,37.7167,-25.4333,288.38,85,81,5.64
368,Ambalavao,MG,2022-12-06 23:16:15,-21.8333,46.9333,290.57,94,76,1.93
369,Seminole,US,2022-12-06 23:11:38,28.7086,-81.2081,297.25,80,100,3.09
370,Talnakh,RU,2022-12-06 23:16:15,69.4865,88.3972,266.6,96,100,7.14
371,Sao Joao Da Barra,BR,2022-12-06 23:16:16,-21.6403,-41.0511,297.2,93,100,5.83
372,Vila Velha,BR,2022-12-06 23:16:16,-20.3297,-40.2925,297.12,89,75,2.57
373,Dubrovka,RU,2022-12-06 23:16:17,53.6907,33.5071,264.01,79,67,4.82
374,Muros,ES,2022-12-06 23:16:17,42.7762,-9.0603,283.2,94,98,2.16
375,San Quintin,MX,2022-12-06 23:16:17,30.4833,-115.95,289.18,63,2,7.98
376,Yarada,IN,2022-12-06 23:16:18,17.65,83.2667,293.33,94,40,1.03
377,Kyaikto,MM,2022-12-06 23:16:18,17.3,97.0167,297.46,81,100,1.79
378,Half Moon Bay,US,2022-12-06 23:11:25,37.4636,-122.4286,287.07,77,100,4.12
379,Capelinha,BR,2022-12-06 23:16:19,-17.6914,-42.5158,291.22,96,100,1.27
380,Chimbote,PE,2022-12-06 23:16:19,-9.0853,-78.5783,292.78,80,52,4.33
381,Robertson,US,2022-12-06 23:16:19,36.5167,-86.8667,295.14,98,100,2.57
382,Charlestown,AU,2022-12-06 23:16:20,-32.95,151.6667,298.77,63,64,3.13
383,Edea,CM,2022-12-06 23:16:20,3.8,10.1333,297.37,95,99,0.25
384,Shihezi,CN,2022-12-06 23:16:21,44.3,86.0333,261.01,93,89,1.49
385,Mahabad,IR,2022-12-06 23:16:21,36.7631,45.7222,274.57,82,88,0.53
386,Baruun-Urt,MN,2022-12-06 23:16:22,46.6806,113.2792,257.95,81,76,3.64
387,Atasu,KZ,2022-12-06 23:16:22,48.6814,71.6433,247.32,99,42,2.02
388,Puerto Penasco,MX,2022-12-06 23:16:23,31.3167,-113.5333,291.43,49,72,0.45
389,Farafangana,MG,2022-12-06 23:16:23,-22.8167,47.8333,296.45,86,16,3.42
390,Mount Gambier,AU,2022-12-06 23:13:21,-37.8333,140.7667,285.94,66,76,3.55
391,San Policarpo,PH,2022-12-06 23:16:24,12.1791,125.5072,300.22,73,100,5.53
392,Longkou,CN,2022-12-06 23:16:24,37.6508,120.3286,277.97,56,0,5.97
393,Nyimba,ZM,2022-12-06 23:16:24,-14.5566,30.8149,295.05,77,62,1.03
394,Tuatapere,NZ,2022-12-06 23:16:25,-46.1333,167.6833,289.53,48,10,2.27
395,Saint-Paul,RE,2022-12-06 23:16:26,-21.0096,55.2707,298.21,79,23,0.96
396,Beira,MZ,2022-12-06 23:16:26,-19.8436,34.8389,299.3,85,8,3.63
397,Atar,MR,2022-12-06 23:16:26,20.5169,-13.0499,298.29,31,3,2.09
398,Vila Do Maio,CV,2022-12-06 23:16:12,15.1333,-23.2167,296.43,76,22,3.54
399,Noumea,NC,2022-12-06 23:13:34,-22.2763,166.4572,302.14,99,98,0.22
400,Waingapu,ID,2022-12-06 23:16:27,-9.6567,120.2641,299.87,75,44,1.52
401,Cankuzo,BI,2022-12-06 23:16:27,-3.1333,30.5833,286.66,93,29,0.64
402,Sayville,US,2022-12-06 23:16:28,40.7359,-73.0821,287.46,88,100,6.17
403,Aleksandrov Gay,RU,2022-12-06 23:16:28,50.147,48.5704,262.08,64,45,2.95
404,Jian,CN,2022-12-06 23:16:29,27.1172,114.9793,279.82,92,93,1.51
405,Yenagoa,NG,2022-12-06 23:16:29,4.9247,6.2642,298.54,87,100,1.78
406,Dunedin,NZ,2022-12-06 23:16:29,-45.8742,170.5036,282.48,66,66,0.89
407,Tessalit,ML,2022-12-06 23:16:30,20.1986,1.0114,297.62,15,84,4.62
408,Nynashamn,SE,2022-12-06 23:16:30,58.9034,17.9479,272.82,75,100,4.02
409,Naze,JP,2022-12-06 23:15:19,28.3667,129.4833,288.43,62,93,6.8
410,Beihai,CN,2022-12-06 23:16:30,21.4833,109.1,288.28,75,100,5.74
411,Batemans Bay,AU,2022-12-06 23:16:31,-35.7167,150.1833,297.14,37,44,1.3
412,Antofagasta,CL,2022-12-06 23:16:31,-23.65,-70.4,291.75,79,47,1.62
413,Hambantota,LK,2022-12-06 23:17:31,6.1241,81.1185,297.84,87,100,3.22
414,La Ronge,CA,2022-12-06 23:15:25,55.1001,-105.2842,245.57,92,61,2.98
415,Letpadan,MM,2022-12-06 23:17:32,17.7833,95.75,295.86,74,97,2.02
416,Rocha,UY,2022-12-06 23:17:32,-34.4833,-54.3333,292.53,67,0,3.61
417,East Renton Highlands,US,2022-12-06 23:17:33,47.4848,-122.1123,278.85,88,100,3.6
418,Jalu,LY,2022-12-06 23:17:33,29.0331,21.5482,292.43,21,59,4.57
419,Kaniama,CD,2022-12-06 23:17:33,-7.5667,24.1833,291.04,94,64,1.45
420,Camacha,PT,2022-12-06 23:17:34,33.0833,-16.3333,291.83,88,20,8.23
421,Vuktyl,RU,2022-12-06 23:17:34,63.8567,57.3094,257.91,88,100,5.03
422,Syracuse,IT,2022-12-06 23:15:39,37.0881,15.2792,286.66,84,100,2.27
423,Gat,IL,2022-12-06 23:17:34,31.61,34.7642,289.48,100,33,1.78
424,Mbandaka,CD,2022-12-06 23:17:35,0.0487,18.2603,294.74,95,80,0.72
425,Caravelas,BR,2022-12-06 23:17:35,-17.7125,-39.2481,296.35,90,88,2.47
426,Canete,CL,2022-12-06 23:17:36,-37.8,-73.4,291.24,63,11,1.16
427,High Level,CA,2022-12-06 23:17:36,58.5169,-117.136,242.21,76,40,2.57
428,Zhangjiakou,CN,2022-12-06 23:17:37,40.81,114.8794,265.92,29,2,1.78
429,Gisborne,NZ,2022-12-06 23:17:37,-38.6533,178.0042,288.06,76,100,6.0
430,Mansa,IN,2022-12-06 23:17:37,29.9833,75.3833,285.93,36,0,3.22
431,Lofthus,NO,2022-12-06 23:17:38,59.9468,10.8018,270.86,50,100,1.34
432,Hofn,IS,2022-12-06 23:17:38,64.2539,-15.2082,273.98,63,18,4.97
433,Sainte-Rose,GP,2022-12-06 23:17:38,16.3324,-61.6979,298.17,69,0,2.57
434,Trincomalee,LK,2022-12-06 23:17:39,8.5711,81.2335,299.58,78,100,6.02
435,Rancho Veloz,CU,2022-12-06 23:16:12,22.8806,-80.3917,296.77,75,5,5.29
436,Bethel,US,2022-12-06 23:17:39,41.3712,-73.414,285.68,86,100,3.6
437,Bubaque,GW,2022-12-06 23:17:40,11.2833,-15.8333,300.6,69,1,6.05
438,Logansport,US,2022-12-06 23:17:40,40.7545,-86.3567,279.67,90,100,0.0
439,Port Blair,IN,2022-12-06 23:17:40,11.6667,92.75,297.17,94,100,6.17
440,Udachnyy,RU,2022-12-06 23:17:41,66.4167,112.4,257.29,84,100,5.86
441,Santa Lucia,ES,2022-12-06 23:13:22,27.9117,-15.5407,288.77,77,20,8.23
442,Ios,GR,2022-12-06 23:17:41,36.7333,25.2833,285.83,66,99,2.24
443,Shimoda,JP,2022-12-06 23:16:45,34.6667,138.95,285.35,71,21,8.59
444,Entrerrios,CO,2022-12-06 23:17:42,6.5654,-75.5169,288.93,98,75,1.37
445,Neiafu,TO,2022-12-06 23:17:42,-18.65,-173.9833,302.53,84,40,3.09
446,Odweyne,SO,2022-12-06 23:17:42,9.4092,45.064,292.09,53,5,1.24
447,Leeton,AU,2022-12-06 23:17:43,-34.5667,146.4,293.09,23,88,2.26
448,Sorland,NO,2022-12-06 23:17:43,67.667,12.6934,278.07,77,100,13.59
449,Kambove,CD,2022-12-06 23:17:44,-10.8764,26.5969,288.82,93,89,1.41
450,Yurkivka,UA,2022-12-06 23:17:44,49.0126,31.1013,269.27,82,37,4.77
451,Maniitsoq,GL,2022-12-06 23:17:44,65.4167,-52.9,273.53,94,100,14.22
452,Rio Cauto,CU,2022-12-06 23:17:45,20.5603,-76.9161,297.56,58,9,5.1
453,Vostok,RU,2022-12-06 23:17:45,46.4856,135.8833,258.04,97,100,1.74
454,Macau,MO,2022-12-06 23:17:46,22.2006,113.5461,288.04,88,20,8.23
455,Dhidhdhoo,MV,2022-12-06 23:17:47,6.8833,73.1,300.36,76,84,3.9
456,Nerchinskiy Zavod,RU,2022-12-06 23:17:47,51.3088,119.61,244.08,99,48,1.06
457,Makinsk,KZ,2022-12-06 23:18:47,52.6292,70.4169,247.84,91,73,1.0
458,Puerto Narino,CO,2022-12-06 23:18:48,-3.7703,-70.3831,296.0,98,100,1.43
459,Parrita,CR,2022-12-06 23:18:48,9.5201,-84.3225,298.43,83,20,1.17
460,Ocos,GT,2022-12-06 23:18:48,14.5094,-92.1933,302.25,73,18,2.88
461,Arona,ES,2022-12-06 23:18:49,28.0996,-16.681,292.25,82,20,5.66
462,Santa Cruz Cabralia,BR,2022-12-06 23:18:49,-16.2781,-39.0247,298.28,83,40,3.6
463,Presidencia Roque Saenz Pena,AR,2022-12-06 23:18:49,-26.7852,-60.4388,306.58,20,5,2.71
464,Peniche,PT,2022-12-06 23:18:50,39.3558,-9.3811,285.42,85,95,1.95
465,Yermakovskoye,RU,2022-12-06 23:18:50,53.2831,92.4003,247.54,99,12,0.52
466,Bintulu,MY,2022-12-06 23:18:50,3.1667,113.0333,297.38,100,20,2.06
467,Samarai,PG,2022-12-06 23:18:51,-10.6167,150.6667,301.76,72,72,3.97
468,Hatillo,PR,2022-12-06 23:18:31,18.4863,-66.8254,300.55,80,26,1.34
469,Salalah,OM,2022-12-06 23:15:30,17.0151,54.0924,295.94,72,16,0.84
470,Nemuro,JP,2022-12-06 23:18:51,43.3236,145.575,274.36,89,100,1.59
471,Ngunguru,NZ,2022-12-06 23:18:52,-35.6167,174.5,289.8,93,100,10.84
472,Staryy Krym,UA,2022-12-06 23:18:52,45.0333,35.1,273.44,89,98,1.15
473,Gryazovets,RU,2022-12-06 23:18:53,58.88,40.2525,266.69,76,100,5.76
474,Constitucion,CL,2022-12-06 23:16:39,-35.3333,-72.4167,290.84,68,20,6.44
475,Qeshm,IR,2022-12-06 23:18:53,26.9581,56.2719,292.09,67,1,2.26
476,Whitehorse,CA,2022-12-06 23:14:17,60.7161,-135.0538,265.58,85,100,2.57
477,Monywa,MM,2022-12-06 23:18:54,22.1167,95.1333,292.51,74,79,2.2
478,Nehe,CN,2022-12-06 23:18:54,48.4833,124.8333,252.4,95,6,1.7
479,Zhaotong,CN,2022-12-06 23:18:55,27.3167,103.7167,274.54,85,100,1.08
480,Filingue,NE,2022-12-06 23:18:55,14.3521,3.3168,298.86,15,99,4.68
481,Mandali,IQ,2022-12-06 23:18:55,33.7499,45.5541,287.26,47,0,0.8
482,Balaipungut,ID,2022-12-06 23:18:56,1.05,101.2833,295.9,98,96,0.24
483,Pipri,IN,2022-12-06 23:18:56,19.8,75.5333,291.48,65,9,1.66
484,Kamenka,RU,2022-12-06 23:18:56,51.3223,42.7678,263.31,73,8,3.92
485,Duku,NG,2022-12-06 23:18:57,11.2361,4.9073,296.49,23,9,2.77
486,Masindi,UG,2022-12-06 23:18:57,1.6744,31.715,292.01,83,73,0.92
487,Teknaf,BD,2022-12-06 23:16:31,20.8624,92.3058,292.01,79,97,3.24
488,Macklin,CA,2022-12-06 23:18:58,52.3334,-109.9348,242.34,97,6,1.65
489,Oktyabrskiy,RU,2022-12-06 23:15:55,54.4815,53.471,252.19,97,13,1.87
490,Ginda,IN,2022-12-06 23:18:58,30.6945,78.4932,280.29,16,0,3.64
491,Jinchang,CN,2022-12-06 23:18:59,38.4953,102.1739,267.94,63,26,2.12
492,Gizo,SB,2022-12-06 23:18:59,-8.103,156.8419,302.09,69,71,2.33
493,Pontarlier,FR,2022-12-06 23:18:59,46.8333,6.25,272.01,93,50,0.87
494,Kalmunai,LK,2022-12-06 23:19:00,7.4167,81.8167,297.5,85,100,6.33
495,Harrismith,ZA,2022-12-06 23:19:00,-28.2728,29.1295,286.54,90,97,1.32
496,Lasa,IT,2022-12-06 23:19:01,46.6166,10.7002,274.64,70,15,1.7
497,Katobu,ID,2022-12-06 23:19:01,-4.9408,122.5276,298.3,85,100,0.68
498,Fredericton,CA,2022-12-06 23:17:04,45.9454,-66.6656,276.39,94,100,0.0
499,Makarov,RU,2022-12-06 23:19:02,48.6333,142.8,264.16,80,93,2.3
500,Nelspruit,ZA,2022-12-06 23:19:02,-25.4745,30.9703,292.31,94,100,0.51
501,Nanjing,CN,2022-12-06 23:14:24,32.0617,118.7778,278.2,66,29,2.04
502,Dutlwe,BW,2022-12-06 23:19:03,-23.9833,23.9,293.58,74,48,7.4
503,Bela,IN,2022-12-06 23:20:03,25.9333,81.9833,286.06,46,0,3.26
504,Leiyang,CN,2022-12-06 23:20:04,26.4024,112.8591,279.85,92,100,1.16
505,Progreso,MX,2022-12-06 23:20:04,21.2833,-89.6667,302.21,76,4,7.74
506,Stutterheim,ZA,2022-12-06 23:20:04,-32.5708,27.424,284.63,95,56,1.95
507,Tazovskiy,RU,2022-12-06 23:20:05,67.4667,78.7,257.77,94,100,5.54
508,Masuguru,TZ,2022-12-06 23:20:05,-11.3667,38.4167,297.25,81,58,2.19
509,Asau,RO,2022-12-06 23:20:05,46.4333,26.4,275.66,95,85,2.02
510,Satinka,RU,2022-12-06 23:20:06,52.3792,41.6819,263.69,83,15,3.98
511,Tazmalt,DZ,2022-12-06 23:20:06,36.3868,4.3989,285.95,76,29,1.43
512,Darhan,MN,2022-12-06 23:20:07,49.4867,105.9228,253.79,84,82,2.61
513,Asyut,EG,2022-12-06 23:20:07,27.181,31.1837,286.25,62,1,3.05
514,Cairns,AU,2022-12-06 23:16:32,-16.9167,145.7667,303.21,60,82,1.54
515,Corsicana,US,2022-12-06 23:18:06,32.0954,-96.4689,296.57,81,20,4.12
516,Karratha,AU,2022-12-06 23:20:08,-20.7377,116.8463,300.81,44,1,6.09
517,Djenne,ML,2022-12-06 23:20:08,13.9061,-4.5533,301.31,18,83,4.28
518,Coahuayana,MX,2022-12-06 23:20:09,18.7333,-103.6833,301.49,68,3,2.5
519,Culebra,PR,2022-12-06 23:20:09,18.303,-65.301,299.2,83,2,0.89
520,Ponta Delgada,PT,2022-12-06 23:20:09,37.7333,-25.6667,288.55,82,75,8.23
521,Port Arthur,CN,2022-12-06 23:17:02,38.8,121.2667,276.27,39,0,10.0
522,Adre,TD,2022-12-06 23:20:10,13.4667,22.2,290.74,23,0,7.48
523,Ploemeur,FR,2022-12-06 23:20:10,47.7333,-3.4333,279.16,88,43,3.6
524,Acapulco,MX,2022-12-06 23:19:32,16.8634,-99.8901,302.05,74,0,1.54
525,Tampere,FI,2022-12-06 23:19:36,61.4991,23.7871,271.94,100,100,2.06
526,Kibre Mengist,ET,2022-12-06 23:20:11,5.8833,38.9833,287.12,67,96,0.59
527,Yatou,CN,2022-12-06 23:20:11,37.15,122.3833,273.7,62,0,3.85
528,Khor,RU,2022-12-06 23:20:12,47.8861,134.9464,258.09,96,89,2.97
529,Hirara,JP,2022-12-06 23:20:12,24.8,125.2833,294.3,73,40,10.29
530,Alampur,IN,2022-12-06 23:20:13,15.8833,78.15,292.54,53,73,2.23
531,Garcia,MX,2022-12-06 23:15:19,25.8167,-100.5833,303.8,77,44,3.72
532,Jumla,NP,2022-12-06 23:15:14,29.2747,82.1838,276.6,25,0,2.54
533,Chipinge,ZW,2022-12-06 23:20:13,-20.1883,32.6236,291.74,90,86,1.76
534,Nampula,MZ,2022-12-06 23:20:14,-15.1165,39.2666,297.12,78,0,4.63
535,Blackwater,AU,2022-12-06 23:20:14,-23.5833,148.8833,304.47,34,0,3.02
536,Humaita,BR,2022-12-06 23:20:15,-7.5061,-63.0208,297.33,96,96,1.07
537,Caconda,AO,2022-12-06 23:20:15,-13.7333,15.0667,288.39,94,99,3.06
538,Bani,DO,2022-12-06 23:20:15,18.2833,-70.3333,298.07,68,6,4.97
539,Kieta,PG,2022-12-06 23:20:16,-6.2167,155.6333,302.09,68,100,1.49
540,Manta,EC,2022-12-06 23:20:16,-0.95,-80.7333,296.27,81,48,5.02
541,Luwuk,ID,2022-12-06 23:20:16,-0.9516,122.7875,299.44,70,50,0.88
542,Harper,LR,2022-12-06 23:20:17,4.375,-7.7169,298.89,84,76,3.02
543,Champerico,GT,2022-12-06 23:20:17,14.3,-91.9167,300.23,76,15,3.21
544,Cozumel,MX,2022-12-06 23:20:17,20.5083,-86.9458,300.41,74,20,2.68
545,Kindu,CD,2022-12-06 23:20:18,-2.95,25.95,293.14,99,78,0.89
546,Soverato,IT,2022-12-06 23:20:18,38.685,16.5499,286.01,79,98,1.5
547,Touros,BR,2022-12-06 23:20:19,-5.1989,-35.4608,299.23,79,45,6.25
548,Santa Fe,AR,2022-12-06 23:20:19,-31.6333,-60.7,308.15,35,0,0.89
549,Hihya,EG,2022-12-06 23:20:20,30.6713,31.588,286.29,79,8,1.48
550,Coro,VE,2022-12-06 23:21:20,11.4045,-69.6734,297.43,81,54,3.68
551,Yar-Sale,RU,2022-12-06 23:16:47,66.8333,70.8333,253.63,96,20,3.13
552,Wundanyi,KE,2022-12-06 23:21:20,-3.4019,38.364,289.68,89,97,0.75
553,Tarakan,ID,2022-12-06 23:21:21,3.3,117.6333,299.05,81,41,1.88
554,Alice Springs,AU,2022-12-06 23:19:23,-23.7,133.8833,306.9,20,35,4.63
555,Paamiut,GL,2022-12-06 23:21:21,61.994,-49.6678,271.89,95,55,3.68
556,Xunchang,CN,2022-12-06 23:21:22,28.4543,104.715,281.74,81,100,0.28
557,Colares,PT,2022-12-06 23:21:22,38.7992,-9.4469,287.78,90,55,3.13
558,Livingstone,ZM,2022-12-06 23:21:22,-17.8419,25.8543,291.73,88,100,1.73
559,Ust-Omchug,RU,2022-12-06 23:21:23,61.15,149.6333,233.25,100,52,0.74
560,Haicheng,CN,2022-12-06 23:21:23,40.8516,122.7475,265.76,70,0,2.05
561,Saqqez,IR,2022-12-06 23:21:23,36.2499,46.2735,273.6,83,37,0.55
562,Balykshi,KZ,2022-12-06 23:21:24,47.0667,51.8667,255.15,85,0,3.0
563,Lima,PE,2022-12-06 23:21:24,-12.0432,-77.0282,293.29,68,0,6.17
564,Merauke,ID,2022-12-06 23:21:25,-8.4667,140.3333,299.5,78,100,3.8
565,Manzhouli,CN,2022-12-06 23:21:25,49.6,117.4333,257.82,89,7,5.51
566,Kudahuvadhoo,MV,2022-12-06 23:21:25,2.6708,72.8944,299.64,78,46,4.03
567,Lensk,RU,2022-12-06 23:16:53,60.7253,114.9278,261.87,92,100,6.79
568,Krasnoselkup,RU,2022-12-06 23:21:26,65.7,82.4667,257.74,96,97,5.78
569,Pouebo,NC,2022-12-06 23:21:26,-20.4,164.5667,301.47,70,99,2.12
570,Xinyang,CN,2022-12-06 23:21:26,32.1228,114.0656,276.83,82,3,0.27
571,Ugoofaaru,MV,2022-12-06 23:21:27,5.6667,73.0,299.97,78,76,3.44
572,Kadom,RU,2022-12-06 23:21:27,54.5592,42.4675,261.93,81,49,2.93
573,Ifanadiana,MG,2022-12-06 23:21:27,-21.3,47.6333,292.78,96,72,0.36
574,San Andres,CO,2022-12-06 23:21:28,12.5847,-81.7006,301.16,74,40,5.14
575,La Victoria,VE,2022-12-06 23:21:28,10.2184,-67.3302,292.65,79,15,2.13
576,Lugovoy,KZ,2022-12-06 23:20:24,42.9472,72.7644,267.47,80,85,1.55
577,Palafrugell,ES,2022-12-06 23:21:29,41.9174,3.1631,281.27,91,16,1.34
578,Ossora,RU,2022-12-06 23:21:29,59.2353,163.0719,263.07,82,99,4.36
579,Pingzhuang,CN,2022-12-06 23:21:29,42.0372,119.2889,265.03,42,0,1.65
580,Manama,BH,2022-12-06 23:19:10,26.2154,50.5832,298.14,78,0,3.09
581,Ereymentau,KZ,2022-12-06 23:21:30,51.6199,73.1033,248.01,97,25,0.56
582,Marzuq,YE,2022-12-06 23:21:30,14.4,46.4667,288.99,82,57,2.06
583,Marawi,PH,2022-12-06 23:21:31,7.9986,124.2928,294.15,91,100,0.64
584,Seoni Malwa,IN,2022-12-06 23:21:31,22.45,77.4667,288.13,60,0,2.76
585,Anaconda,US,2022-12-06 23:21:31,46.1285,-112.9423,274.7,81,77,3.78
586,Rognan,NO,2022-12-06 23:21:32,67.0953,15.3878,273.23,93,100,3.99
587,Saint Anthony,US,2022-12-06 23:21:32,45.0205,-93.218,270.29,70,0,2.06
588,Skibbereen,IE,2022-12-06 23:21:32,51.55,-9.2667,279.07,73,93,4.35
589,Beidao,CN,2022-12-06 23:21:33,34.5686,105.8933,273.23,81,28,1.21
590,Poum,NC,2022-12-06 23:21:22,-20.2333,164.0167,300.71,73,97,2.16
591,Port Hedland,AU,2022-12-06 23:19:39,-20.3167,118.5667,303.18,58,1,6.69
592,Nabire,ID,2022-12-06 23:21:33,-3.3667,135.4833,300.06,72,100,0.61
593,Berlevag,NO,2022-12-06 23:22:34,70.8578,29.0864,275.12,80,75,9.77
594,Hit,IQ,2022-12-06 23:22:34,33.6416,42.8251,286.48,52,5,1.27
595,Omboue,GA,2022-12-06 23:22:35,-1.5746,9.2618,297.81,90,100,2.39
596,Vao,NC,2022-12-06 23:22:35,-22.6667,167.4833,297.11,91,82,2.42
597,Palmer,US,2022-12-06 23:21:42,42.1584,-72.3287,286.06,82,100,2.57
598,Hobyo,SO,2022-12-06 23:22:36,5.3505,48.5268,299.27,78,100,6.85
