City_ID,City,Country,Lat,Lng,Max Temp,Humidity,Cloudiness,Wind Speed,Current Description
0,Port Blair,IN,11.6667,92.75,77.04,94,40,0.0,Mist
1,Puerto Ayora,EC,-0.7393,-90.3518,84.16,89,74,5.01,Clouds
2,Port Alfred,ZA,-33.5906,26.891,71.19,95,100,1.01,Rain
3,Khatanga,RU,71.9667,102.5,-8.39,98,100,11.07,Clouds
4,Mataura,NZ,-46.1927,168.8643,55.47,92,99,1.07,Clouds
5,Dakar,SN,14.6937,-17.4441,79.68,83,0,4.61,Clear
6,Tuatapere,NZ,-46.1333,167.6833,54.3,93,99,3.0,Clouds
7,Itarema,BR,-2.9248,-39.9167,81.7,72,5,17.63,Clear
8,Mapiripan,CO,2.8892,-72.1256,84.31,65,96,5.14,Clouds
9,Khudumelapye,BW,-23.8833,24.75,75.38,46,24,7.54,Clouds
10,Contamana,PE,-7.3333,-75.0167,88.29,50,99,2.37,Clouds
11,Punta Arenas,CL,-53.15,-70.9167,57.31,38,0,26.46,Clear
12,Faanui,PF,-16.4833,-151.75,78.04,74,100,4.65,Rain
13,Carnarvon,AU,-24.8667,113.6333,69.28,67,65,23.55,Clouds
14,Rudnogorsk,RU,57.2639,103.7519,8.55,90,100,11.14,Snow
15,Hobart,AU,-42.8794,147.3294,53.46,87,75,5.75,Clouds
16,Husavik,IS,66.0449,-17.3389,20.66,83,23,8.88,Clouds
17,Rikitea,PF,-23.1203,-134.9692,76.28,76,39,16.37,Rain
18,Karratha,AU,-20.7377,116.8463,85.64,28,3,13.29,Clear
19,Kapaa,US,22.0752,-159.319,80.58,68,73,8.01,Rain
20,Pangkalanbuun,ID,-2.6833,111.6167,73.11,93,100,0.94,Clouds
21,Westport,US,41.1415,-73.3579,41.49,53,14,5.99,Clouds
22,Bluff,NZ,-46.6,168.3333,54.21,89,100,7.96,Clouds
23,Cherskiy,RU,68.75,161.3,-26.72,97,100,4.65,Clouds
24,Ushuaia,AR,-54.8,-68.3,51.42,54,56,8.46,Clouds
25,Sosnovo-Ozerskoye,RU,52.5249,111.5418,-1.01,90,30,10.78,Clouds
26,Hobyo,SO,5.3505,48.5268,78.44,70,62,14.63,Clouds
27,Arlit,NE,18.7369,7.3853,73.15,12,0,10.4,Clear
28,Naryan-Mar,RU,67.6713,53.087,-0.17,99,100,4.47,Clouds
29,Biltine,TD,14.5333,20.9167,73.42,12,0,14.67,Clear
30,Ribeira Grande,PT,38.5167,-28.7,66.78,82,40,30.0,Rain
31,Torbay,CA,47.6666,-52.7314,36.57,96,100,18.01,Drizzle
32,Hermanus,ZA,-34.4187,19.2345,67.8,84,100,21.3,Clouds
33,Tiksi,RU,71.6872,128.8694,-15.41,95,100,10.54,Clouds
34,Dogondoutchi,NE,13.6393,4.0287,75.67,13,0,8.9,Clear
35,Gari,RU,59.4307,62.3497,8.6,96,99,5.21,Clouds
36,Lebu,CL,-37.6167,-73.65,64.11,66,0,14.88,Clear
37,Lynn Haven,US,30.2455,-85.6483,77.0,73,61,3.0,Clouds
38,Chuy,UY,-33.6971,-53.4616,74.66,62,94,13.49,Clouds
39,Vaini,TO,-21.2,-175.2,80.76,83,75,8.05,Rain
40,Dikson,RU,73.5069,80.5464,-3.51,100,96,5.32,Clouds
41,Butaritari,KI,3.0707,172.7902,81.43,78,87,14.88,Rain
42,Bredasdorp,ZA,-34.5322,20.0403,66.43,85,100,17.22,Clouds
43,Hambantota,LK,6.1241,81.1185,76.98,86,96,13.09,Clouds
44,Quatre Cocos,MU,-20.2078,57.7625,77.09,80,45,10.94,Clouds
45,Kodiak,US,57.79,-152.4072,28.89,78,100,6.53,Clouds
46,Guazapa,SV,13.8769,-89.1731,83.05,45,3,0.22,Clear
47,Bengkulu,ID,-3.8004,102.2655,74.88,91,100,7.07,Clouds
48,Albany,US,42.6001,-73.9662,32.65,60,0,2.84,Clear
49,Lagoa,PT,39.05,-27.9833,64.13,75,7,30.36,Clear
50,Georgetown,MY,5.4112,100.3354,77.23,94,20,3.44,Clouds
51,Katsuura,JP,35.1333,140.3,55.94,71,31,10.87,Clouds
52,Poya,NC,-21.35,165.15,79.48,81,33,1.88,Rain
53,Busselton,AU,-33.65,115.3333,49.84,87,0,10.25,Clear
54,Abbeville,FR,50.1,1.8333,36.25,95,100,5.3,Snow
55,Hilo,US,19.7297,-155.09,77.11,79,72,1.99,Rain
56,Saskylakh,RU,71.9167,114.0833,-9.89,98,100,5.46,Clouds
57,Nikolskoye,RU,59.7035,30.7861,24.69,100,100,2.57,Clouds
58,Upernavik,GL,72.7868,-56.1549,22.78,94,100,13.0,Snow
59,Solnechnyy,RU,50.7214,136.6319,-1.62,95,28,3.53,Clouds
60,Abaza,RU,52.655,90.0928,3.63,94,100,3.98,Clouds
61,Havoysund,NO,70.9963,24.6622,25.03,83,39,12.59,Clouds
62,Mount Isa,AU,-20.7333,139.5,71.37,28,0,2.3,Clear
63,Tasiilaq,GL,65.6145,-37.6368,14.49,60,54,5.1,Clouds
64,Bethel,US,41.3712,-73.414,40.89,55,0,1.01,Clear
65,Tuktoyaktuk,CA,69.4541,-133.0374,-4.0,84,75,12.66,Clouds
66,Vostok,RU,46.4856,135.8833,0.68,98,100,4.12,Clouds
67,New Norfolk,AU,-42.7826,147.0587,53.1,72,99,2.21,Clouds
68,Longyearbyen,SJ,78.2186,15.6401,24.64,80,75,2.3,Clouds
69,Vuktyl,RU,63.8567,57.3094,-20.76,98,71,3.09,Clouds
70,Provideniya,RU,64.3833,-173.3,30.92,97,100,19.15,Snow
71,Thompson,CA,55.7435,-97.8558,21.36,86,100,3.44,Snow
72,Khuldabad,IN,20.05,75.1833,61.65,31,24,6.02,Clouds
73,Cape Town,ZA,-33.9258,18.4232,74.1,70,0,15.01,Clear
74,Hofn,IS,64.2539,-15.2082,31.06,45,0,6.11,Clear
75,Saint George,US,37.1041,-113.5841,46.44,57,0,4.61,Clear
76,Arraial Do Cabo,BR,-22.9661,-42.0278,82.36,78,0,17.27,Clear
77,Richards Bay,ZA,-28.783,32.0377,73.65,91,100,2.77,Rain
78,Yellowknife,CA,62.456,-114.3525,-1.68,78,100,5.75,Snow
79,Aquiraz,BR,-3.9014,-38.3911,86.09,72,17,12.06,Clouds
80,Yeppoon,AU,-23.1333,150.7333,73.18,80,87,13.33,Clouds
81,Ocos,GT,14.5094,-92.1933,81.84,67,0,6.44,Clear
82,Pajapan,MX,18.25,-94.7,77.22,72,18,5.75,Rain
83,Severo-Kurilsk,RU,50.6789,156.125,24.03,68,100,5.12,Clouds
84,Agirish,RU,61.9247,63.0231,-14.73,96,67,2.48,Clouds
85,Broken Hill,AU,-31.95,141.4333,74.08,27,21,4.47,Clouds
86,Beringovskiy,RU,63.05,179.3167,23.54,95,100,15.48,Snow
87,Varhaug,NO,58.6147,5.6457,31.89,62,50,11.1,Clouds
88,Giyani,ZA,-23.3025,30.7187,75.97,61,0,3.78,Clear
89,Berlevag,NO,70.8578,29.0864,24.75,74,100,9.22,Clouds
90,Meadow Lake,US,34.8014,-106.5436,57.69,36,0,4.38,Clear
91,Mancora,PE,-4.1078,-81.0475,75.7,68,8,9.19,Clear
92,Constitucion,CL,-35.3333,-72.4167,69.73,51,0,21.72,Clear
93,Leningradskiy,RU,69.3833,178.4167,-4.74,96,100,4.97,Clouds
94,Teguise,ES,29.0605,-13.564,66.42,83,20,3.44,Clouds
95,Airai,TL,-8.9266,125.4092,59.34,70,95,2.06,Clouds
96,Cuiluan,CN,47.72,128.648,-4.67,100,44,3.4,Clouds
97,Escanaba,US,45.7453,-87.0646,34.11,88,100,1.01,Clouds
98,Meulaboh,ID,4.1363,96.1285,75.76,88,100,9.64,Rain
99,Vallenar,CL,-28.5708,-70.7581,83.35,40,7,11.16,Clear
100,Bambous Virieux,MU,-20.3428,57.7575,77.22,88,75,6.91,Clouds
101,Aloleng,PH,16.1307,119.7824,79.11,82,89,17.6,Clouds
102,Mareeba,AU,-17.0,145.4333,73.44,95,92,2.37,Clouds
103,Pacific Grove,US,36.6177,-121.9166,58.66,93,100,31.0,Clouds
104,Saint-Joseph,RE,-21.3667,55.6167,77.38,85,34,10.29,Rain
105,Praya,CV,14.9215,-23.5087,79.34,47,20,11.5,Clouds
106,Itaituba,BR,-4.2761,-55.9836,93.36,52,20,0.0,Clouds
107,Maceio,BR,-9.6658,-35.7353,81.84,78,20,13.8,Clouds
108,Jamestown,US,42.097,-79.2353,41.02,27,100,5.01,Clouds
109,Mildura,AU,-34.2,142.15,68.07,53,76,10.25,Rain
110,San Patricio,US,28.017,-97.5169,82.49,64,92,13.62,Clouds
111,Muros,ES,42.7762,-9.0603,46.09,91,100,3.38,Rain
112,Comodoro Rivadavia,AR,-45.8667,-67.5,78.66,21,40,25.32,Clouds
113,Tevaitoa,PF,-16.7833,-151.5,78.12,73,100,4.32,Rain
114,Los Llanos De Aridane,ES,28.6585,-17.9182,69.55,99,20,3.44,Clouds
115,Rock Springs,US,41.5875,-109.2029,29.23,62,51,0.81,Clouds
116,Mayo,US,38.8876,-76.5119,47.17,66,75,6.91,Clouds
117,Pasni,PK,25.2631,63.471,73.04,63,0,8.03,Clear
118,Thunder Bay,CA,48.4001,-89.3168,31.98,80,100,8.05,Snow
119,Guerrero Negro,MX,27.9769,-114.0611,68.85,26,0,11.07,Clear
120,Kruisfontein,ZA,-34.0033,24.7314,69.89,96,100,3.38,Clouds
121,Avarua,CK,-21.2078,-159.775,77.05,69,75,10.36,Clouds
122,Atuona,PF,-9.8,-139.0333,76.73,77,18,13.4,Clouds
123,Taltal,CL,-25.4,-70.4833,68.0,71,100,2.75,Clouds
124,Hithadhoo,MV,-0.6,73.0833,81.19,78,100,12.8,Clouds
125,Klaksvik,FO,62.2266,-6.589,38.32,68,99,26.46,Rain
126,Barrow,US,71.2906,-156.7887,0.19,94,24,8.61,Clouds
127,Takoradi,GH,4.8845,-1.7554,80.58,81,17,7.7,Clouds
128,Novyy Oskol,RU,50.7631,37.8691,39.52,93,100,17.58,Clouds
129,Warrnambool,AU,-38.3833,142.4833,61.21,69,100,6.31,Clouds
130,Zeya,RU,53.75,127.2667,-18.06,100,87,1.54,Clouds
131,Kawalu,ID,-7.3817,108.2082,71.06,95,99,1.23,Clouds
132,Baruun-Urt,MN,46.6806,113.2792,0.86,75,10,12.77,Clear
133,Hasaki,JP,35.7333,140.8333,39.6,75,11,9.64,Clouds
134,Srednekolymsk,RU,67.45,153.6833,-42.81,98,94,8.57,Clouds
135,Ahipara,NZ,-35.1667,173.1667,66.67,93,100,3.49,Rain
136,Pevek,RU,69.7008,170.3133,-12.08,94,100,13.42,Clouds
137,Mogadishu,SO,2.0371,45.3438,79.92,75,99,14.25,Clouds
138,Amga,RU,60.8953,131.9608,-18.54,99,100,0.49,Clouds
139,The Valley,AI,18.217,-63.0578,82.81,69,3,10.4,Clear
140,Port Hardy,CA,50.6996,-127.4199,40.64,87,97,12.08,Clouds
141,Deming,US,32.2687,-107.7586,58.8,25,0,4.0,Clear
142,Soyo,AO,-6.1349,12.3689,79.07,86,100,6.8,Clouds
143,Chapais,CA,49.7834,-74.8492,9.18,85,82,6.29,Clouds
144,Olafsvik,IS,64.8945,-23.7142,33.22,66,0,7.7,Clear
145,Kochubey,RU,44.3861,46.5825,45.73,77,98,23.67,Clouds
146,Pisco,PE,-13.7,-76.2167,73.02,79,30,7.16,Clouds
147,Kachug,RU,53.9606,105.8817,1.45,87,100,2.04,Clouds
148,Esperance,AU,-33.8667,121.9,57.72,68,60,13.11,Clouds
149,Opuwo,NA,-18.0607,13.84,70.34,33,1,9.64,Clear
150,Morehead,US,37.2711,-87.1764,49.98,99,100,1.99,Clouds
151,Oktyabrskoye,RU,43.0645,44.7417,23.14,100,0,4.47,Fog
152,Te Anau,NZ,-45.4167,167.7167,52.7,89,86,0.58,Clouds
153,Ambon,ID,-3.6954,128.1814,79.23,14,40,8.05,Clouds
154,Touros,BR,-5.1989,-35.4608,81.36,73,27,12.3,Clouds
155,Bandarbeyla,SO,9.4942,50.8122,77.59,69,100,19.62,Clouds
156,Saint-Philippe,RE,-21.3585,55.7679,78.39,87,40,10.69,Rain
157,Geraldton,AU,-28.7667,114.6,57.61,77,0,10.36,Clear
158,Presidencia Roque Saenz Pena,AR,-26.7852,-60.4388,71.33,97,100,7.87,Rain
159,Qaqortoq,GL,60.7167,-46.0333,14.72,66,0,8.16,Clear
160,Veracruz,MX,19.3333,-96.6667,80.02,42,0,5.77,Clear
161,Atambua,ID,-9.1061,124.8925,72.41,83,79,3.62,Clouds
162,Kattivakkam,IN,13.2167,80.3167,77.09,83,94,11.16,Clouds
163,Port Elizabeth,ZA,-33.918,25.5701,72.32,97,100,9.22,Drizzle
164,Lavrentiya,RU,65.5833,-171.0,27.43,95,100,34.09,Snow
165,Ancud,CL,-41.8697,-73.8203,60.71,73,11,11.88,Clouds
166,Bontang,ID,0.1333,117.5,75.67,89,19,5.61,Clouds
167,Abhar,IR,36.1468,49.218,31.64,83,34,1.36,Clouds
168,Tiarei,PF,-17.5333,-149.3333,84.22,74,96,6.96,Clouds
169,Vestmannaeyjar,IS,63.4427,-20.2734,32.94,69,8,5.84,Clear
170,Lompoc,US,34.6391,-120.4579,60.94,91,100,17.27,Clouds
171,Saint-Dizier,FR,48.4167,5.0833,26.2,87,29,1.34,Clouds
172,Porto Santo,PT,33.072,-16.3415,71.98,78,20,23.02,Rain
173,Flinders,AU,-34.5833,150.8552,57.25,79,3,6.13,Clear
174,Eureka,US,40.8021,-124.1637,56.01,82,99,10.0,Clouds
175,Korla,CN,41.7597,86.1469,22.3,29,0,7.94,Clear
176,Basco,PH,20.4487,121.9702,78.3,73,53,21.32,Clouds
177,Sudbury,CA,46.49,-80.99,21.06,75,99,7.0,Clouds
178,Iqaluit,CA,63.7506,-68.5145,-11.34,84,2,13.58,Clear
179,Shubarshi,KZ,48.5872,57.1869,6.85,90,5,5.91,Clear
180,Fortuna,US,40.5982,-124.1573,55.74,83,75,8.05,Rain
181,Gimbi,ET,9.1667,35.8333,58.44,63,44,3.2,Clouds
182,Mount Gambier,AU,-37.8333,140.7667,54.66,84,55,2.93,Clouds
183,Glendive,US,47.1053,-104.7125,25.18,81,64,3.02,Clouds
184,Raciborz,PL,50.0919,18.2193,33.22,99,100,10.31,Snow
185,Cockburn Town,TC,21.4612,-71.1419,78.93,66,5,15.32,Clear
186,Sakaiminato,JP,35.55,133.2333,51.62,80,100,12.21,Rain
187,Kisangani,CD,0.5167,25.2,73.04,89,99,1.5,Rain
188,Norman Wells,CA,65.282,-126.8329,-12.96,77,75,4.61,Clouds
189,Lujan,AR,-34.5703,-59.105,88.95,39,0,5.01,Clear
190,San Cristobal,VE,7.7669,-72.225,75.25,70,97,1.21,Clouds
191,Rio Rancho,US,35.2334,-106.6645,58.35,34,0,4.61,Clear
192,Qaanaaq,GL,77.484,-69.3632,1.85,95,100,0.92,Snow
193,Aklavik,CA,68.2191,-135.0107,-11.22,99,62,6.76,Clouds
194,Coos Bay,US,43.3665,-124.2179,48.24,100,100,10.36,Mist
195,Orcopampa,PE,-15.2661,-72.3417,63.28,33,94,1.41,Clouds
196,Mercedes,AR,-34.6515,-59.4307,88.79,22,1,15.48,Clear
197,Gat,IL,31.61,34.7642,61.39,60,2,4.36,Clear
198,Cidreira,BR,-30.1811,-50.2056,76.37,84,100,9.15,Clouds
199,Hualmay,PE,-11.0964,-77.6139,70.05,77,93,8.19,Clouds
200,Mar Del Plata,AR,-38.0023,-57.5575,88.83,62,0,8.01,Clear
201,Mecca,SA,21.4267,39.8261,78.69,51,87,2.19,Clouds
202,Mnogovershinnyy,RU,53.9353,139.9242,-7.74,95,98,3.62,Clouds
203,Burnie,AU,-41.0667,145.9167,51.94,87,100,10.85,Clouds
204,Souillac,MU,-20.5167,57.5167,76.08,82,40,10.4,Clouds
205,Puerto Carreno,CO,6.189,-67.4859,85.39,58,74,6.49,Clouds
206,Shikarpur,PK,27.9571,68.6379,64.89,37,0,7.49,Clear
207,Preobrazheniye,RU,42.9019,133.9064,19.49,62,0,8.72,Clear
208,Santa Rosa,PH,14.3122,121.1114,79.11,97,100,2.37,Rain
209,Dhidhdhoo,MV,6.8833,73.1,81.79,68,9,15.17,Clear
210,Vila Franca Do Campo,PT,37.7167,-25.4333,67.19,84,23,23.87,Clouds
211,Havre-Saint-Pierre,CA,50.2334,-63.5986,16.09,57,0,17.98,Clear
212,Kudahuvadhoo,MV,2.6708,72.8944,81.05,81,84,14.94,Clouds
213,Bull Savanna,JM,17.8868,-77.5902,79.41,55,0,6.42,Clear
214,Alyangula,AU,-13.8483,136.4192,82.9,70,81,11.27,Clouds
215,Belyy Yar,RU,53.6039,91.3903,12.09,69,0,15.66,Clear
216,Sakakah,SA,29.9697,40.2064,59.67,49,0,6.91,Clear
217,Castro,BR,-24.7911,-50.0119,75.97,73,84,6.76,Clouds
218,Chokurdakh,RU,70.6333,147.9167,-18.53,98,100,11.48,Clouds
219,Lysva,RU,58.1086,57.8053,16.48,94,100,7.85,Snow
220,Kidal,ML,18.4411,1.4078,73.11,12,0,9.22,Clear
221,Ulaangom,MN,49.9811,92.0667,-10.32,100,100,0.49,Clouds
222,Quelimane,MZ,-17.8786,36.8883,76.78,83,0,3.18,Clear
223,Casambalangan,PH,18.3765,122.1274,76.23,79,100,8.61,Rain
224,Tilichiki,RU,60.4667,166.1,-10.39,96,44,3.33,Clouds
225,Asau,RO,46.4333,26.4,43.72,85,99,1.14,Clouds
226,Sooke,CA,48.3746,-123.7276,48.09,100,99,5.95,Clouds
227,Belmonte,BR,-15.8631,-38.8828,79.03,85,96,9.82,Clouds
228,Isangel,VU,-19.55,169.2667,79.07,85,100,6.44,Clouds
229,Pochutla,MX,15.7432,-96.4661,86.83,42,0,7.85,Clear
230,Kutum,SD,14.2,24.6667,60.42,19,0,9.08,Clear
231,Flin Flon,CA,54.7682,-101.865,19.9,90,69,3.36,Clouds
232,Ayer Tawar,MY,4.2954,100.7548,72.52,97,100,2.39,Clouds
233,Kualakapuas,ID,-3.0091,114.3876,73.26,90,75,0.92,Clouds
234,Clyde River,CA,70.4692,-68.5914,-18.17,76,0,4.61,Clear
235,Shimodate,JP,36.3,139.9833,48.16,83,68,1.07,Clouds
236,Garissa,KE,-0.4536,39.6401,79.9,73,100,10.31,Clouds
237,Conakry,GN,9.538,-13.6773,82.69,77,0,11.54,Clear
238,Saqqez,IR,36.2499,46.2735,31.95,83,7,2.55,Clear
239,Russell,US,32.3502,-85.1999,65.01,77,0,4.61,Clear
240,Bayamo,CU,20.3792,-76.6433,85.87,42,4,13.27,Clear
241,San Andres,CO,12.5847,-81.7006,80.92,70,2,15.37,Clear
242,Umm Lajj,SA,25.0213,37.2685,76.73,45,0,13.6,Clear
243,Hamburg,DE,53.55,10.0,29.21,84,100,3.44,Clouds
244,Acapulco,MX,16.8634,-99.8901,83.41,65,2,9.15,Clear
245,Bani Walid,LY,31.7566,13.9942,68.36,50,100,23.26,Clouds
246,Goderich,CA,43.7501,-81.7165,32.92,55,100,13.2,Clouds
247,Riyadh,SA,24.6877,46.7219,59.92,60,0,4.9,Clear
248,Nishihara,JP,26.1842,127.7558,69.08,83,59,11.5,Clouds
249,Valparaiso,CL,-33.0393,-71.6273,87.44,69,0,13.8,Clear
250,Anadyr,RU,64.75,177.4833,18.79,93,100,21.9,Snow
251,Myitkyina,MM,25.3833,97.4,55.2,70,0,2.42,Clear
252,Daru,PG,-9.0763,143.2092,78.67,85,100,3.11,Clouds
253,College,US,64.8569,-147.8028,-4.05,99,96,3.71,Clouds
254,Mahon,ES,39.8885,4.2658,54.16,76,40,8.05,Clouds
255,Vardo,NO,70.3705,31.1107,24.78,74,40,23.02,Clouds
256,Sur,OM,22.5667,59.5289,75.49,67,3,5.17,Clear
257,Mana,GF,5.6592,-53.7767,80.22,79,46,8.88,Rain
258,Sao Miguel Do Araguaia,BR,-13.275,-50.1628,84.33,61,83,1.95,Clouds
259,Coihaique,CL,-45.5752,-72.0662,50.81,92,92,7.54,Rain
260,Mpika,ZM,-11.8343,31.4529,63.97,85,80,2.66,Rain
261,Machinga,MW,-15.1685,35.3,68.45,89,79,3.36,Clouds
262,Satinka,RU,52.3792,41.6819,32.34,92,100,19.77,Clouds
263,Ratanpur,IN,22.3,82.1667,61.75,40,65,4.0,Clouds
264,Kavarna,BG,43.4333,28.3333,58.35,90,100,18.21,Clouds
265,Paidha,UG,2.4167,30.9855,60.8,88,71,4.76,Clouds
266,Koumra,TD,8.9126,17.5539,79.41,23,0,3.22,Clear
267,Ilulissat,GL,69.2167,-51.1,24.82,58,75,0.0,Clouds
268,Paine,CL,-33.8167,-70.75,95.0,15,0,4.59,Clear
269,Oxapampa,PE,-10.5775,-75.4017,71.89,70,80,3.96,Clouds
270,Aykhal,RU,66.0,111.5,-36.36,100,100,5.84,Clouds
271,Half Moon Bay,US,37.4636,-122.4286,58.62,93,100,25.32,Rain
272,Igarka,RU,67.4667,86.5833,-36.85,100,62,1.97,Clouds
273,Tambovka,RU,50.0969,128.0489,-18.8,100,57,1.5,Clouds
274,Ericeira,PT,38.9627,-9.4156,58.35,89,100,9.82,Rain
275,Mackenzie,CA,55.2999,-123.1698,11.5,81,100,10.56,Clouds
276,Bolshoye Nagatkino,RU,54.5196,47.9679,24.21,79,100,18.05,Clouds
277,Tura,IN,25.5198,90.2201,58.73,83,2,3.2,Clear
278,Chapada Dos Guimaraes,BR,-15.4606,-55.7497,80.26,52,100,7.27,Clouds
279,The Pas,CA,53.8251,-101.2541,17.46,92,69,2.13,Clouds
280,Kununurra,AU,-15.7667,128.7333,76.98,83,83,5.75,Clouds
281,Caravelas,BR,-17.7125,-39.2481,78.57,82,90,11.45,Clouds
282,Teya,RU,60.3778,92.6267,-27.31,100,97,2.66,Clouds
283,Hinesville,US,31.8469,-81.5959,57.38,89,100,5.75,Clouds
284,Iskateley,RU,67.6803,53.1512,-0.56,99,100,4.34,Clouds
285,Natitingou,BJ,10.3042,1.3796,75.58,16,8,6.29,Clear
286,Dingle,PH,10.9995,122.6711,73.89,93,100,1.59,Clouds
287,Karabulak,RU,43.3036,44.8964,25.79,85,0,1.39,Clear
288,Berbera,SO,10.4396,45.0143,75.88,68,5,6.04,Clear
289,Vao,NC,-22.6667,167.4833,77.94,79,100,9.51,Rain
290,Liwale,TZ,-9.7667,37.9333,70.09,86,92,2.57,Rain
291,Victoria,HK,22.2855,114.1577,62.33,69,4,1.99,Clear
292,Leh,IN,34.1667,77.5833,18.37,78,40,3.83,Clouds
293,Luderitz,NA,-26.6481,15.1594,63.52,94,0,9.82,Clear
294,Cajnice,BA,43.5575,19.0711,49.82,99,100,1.68,Rain
295,Sol-Iletsk,RU,51.1631,54.9918,9.23,91,14,8.16,Clouds
296,Wukari,NG,7.85,9.7833,79.86,20,0,5.35,Clear
297,Kasempa,ZM,-13.4584,25.8338,63.32,94,89,3.6,Rain
298,Sisimiut,GL,66.9395,-53.6735,23.9,75,24,8.19,Clouds
299,Kalabo,ZM,-14.97,22.6814,70.7,73,99,3.18,Clouds
300,Port Lincoln,AU,-34.7333,135.8667,60.3,82,100,14.79,Clouds
301,Chara,RU,56.9064,118.2631,-7.35,76,100,2.04,Clouds
302,Sosnovka,RU,56.255,51.2842,21.18,94,100,12.33,Snow
303,Nova Odesa,UA,47.3078,31.7851,51.75,96,100,14.18,Clouds
304,Lima,PE,-12.0432,-77.0282,71.24,70,100,8.59,Clouds
305,Cayenne,GF,4.9333,-52.3333,84.24,65,40,11.5,Clouds
306,Hamilton,US,39.1834,-84.5333,48.24,84,100,5.75,Haze
307,Coria,ES,39.9879,-6.5377,50.45,81,100,4.65,Clouds
308,Kotido,UG,2.9806,34.1331,76.6,46,100,4.94,Clouds
309,Marrakesh,MA,31.6315,-8.0083,62.67,72,100,4.61,Clouds
310,Charters Towers,AU,-20.1,146.2667,76.05,74,88,13.69,Clouds
311,Patea,NZ,-39.7583,174.4833,63.37,82,30,3.4,Clouds
312,Kavieng,PG,-2.5744,150.7967,81.28,77,100,8.52,Clouds
313,La Paz,BO,-16.5,-68.15,60.44,48,100,11.1,Clouds
314,Evensk,RU,61.95,159.2333,-10.75,82,51,7.49,Clouds
315,Jiuquan,CN,39.7432,98.5174,18.5,69,100,2.62,Clouds
316,Honiara,SB,-9.4333,159.95,78.69,85,100,0.92,Rain
317,Mufulira,ZM,-12.5498,28.2407,63.61,84,99,4.21,Clouds
318,Bentiu,SS,9.2333,29.8333,76.89,28,8,5.12,Clear
319,Yining,CN,29.0361,114.5636,46.38,81,67,4.38,Clouds
320,Lata,PT,40.1629,-8.3327,55.81,80,100,2.59,Clouds
321,Jambi,ID,-1.6,103.6167,72.68,99,100,2.91,Clouds
322,Tutoia,BR,-2.7619,-42.2744,81.7,77,36,14.45,Clouds
323,Impfondo,CG,1.6381,18.0667,75.47,72,15,0.89,Clouds
324,Wajir,KE,1.7471,40.0573,83.61,51,51,10.02,Clouds
325,Mahebourg,MU,-20.4081,57.7,77.25,79,38,11.23,Clouds
326,Peniche,PT,39.3558,-9.3811,55.11,87,100,7.99,Rain
327,Stornoway,GB,58.2093,-6.3865,40.96,78,61,11.5,Clouds
328,Nanortalik,GL,60.1432,-45.2371,22.53,78,4,9.24,Clear
329,Roald,NO,62.5833,6.1333,26.76,58,0,11.5,Clear
330,Ponta Do Sol,PT,32.6667,-17.1,75.0,92,100,12.48,Rain
331,Sao Gabriel Da Cachoeira,BR,-0.1303,-67.0892,82.18,83,99,2.93,Clouds
332,Yulara,AU,-25.2406,130.9889,81.88,39,10,6.24,Clear
333,Broome,US,42.2506,-75.833,44.46,53,0,4.61,Clear
334,Plouzane,FR,48.3833,-4.6167,37.72,90,44,5.75,Rain
335,Salalah,OM,17.0151,54.0924,78.89,44,0,9.22,Clear
336,Betong,TH,5.7743,101.0723,69.67,98,100,2.59,Clouds
337,Codrington,AU,-38.2667,141.9667,59.61,74,96,4.81,Clouds
338,Saint Anthony,US,45.0205,-93.218,35.65,91,100,5.75,Mist
339,Yerbogachen,RU,61.2767,108.0108,-16.26,100,100,3.29,Clouds
340,Olot,ES,42.181,2.4901,46.54,68,100,2.66,Clouds
341,Hearst,CA,49.6835,-83.6665,17.11,76,100,6.62,Clouds
342,Yasnyy,RU,51.0333,59.8742,0.52,79,6,7.65,Clear
343,La Ronge,CA,55.1001,-105.2842,10.87,89,60,3.13,Clouds
344,Iraquara,BR,-12.2486,-41.6194,78.44,72,20,7.05,Clouds
345,Gairo,IT,39.8497,9.5047,48.16,67,20,14.85,Clouds
346,Abu Kamal,SY,34.4506,40.9171,56.21,61,7,4.54,Clear
347,Qasigiannguit,GL,68.8193,-51.1922,25.05,74,100,4.25,Clouds
348,Canavieiras,BR,-15.675,-38.9472,79.09,84,98,6.93,Clouds
349,Camocim,BR,-2.9022,-40.8411,84.38,66,13,19.55,Clouds
350,Samana,DO,19.2056,-69.3369,80.82,78,75,9.22,Clouds
351,Jamui,IN,24.9167,86.2167,59.52,46,64,3.58,Clouds
352,Sao Filipe,CV,14.8961,-24.4956,78.12,70,31,5.26,Clouds
353,Krasnoselkup,RU,65.7,82.4667,-32.62,100,16,3.27,Clouds
354,Mehamn,NO,71.0357,27.8492,24.71,79,57,4.61,Clouds
355,Marzuq,YE,14.4,46.4667,61.88,79,1,4.45,Clear
356,Araouane,ML,18.9048,-3.5265,73.89,11,0,8.46,Clear
357,Nelson Bay,AU,-32.7167,152.15,64.99,84,12,5.01,Clouds
358,Cambridge,CA,43.3601,-80.3127,32.79,90,100,3.0,Clouds
359,Grindavik,IS,63.8424,-22.4338,28.87,80,0,5.75,Clear
360,Conceicao Do Araguaia,BR,-8.2578,-49.2647,82.71,75,100,4.03,Clouds
361,East London,ZA,-33.0153,27.9116,73.0,87,100,7.58,Clouds
362,Riviera Beach,US,26.7753,-80.0581,83.05,58,0,9.22,Clear
363,Chaumont,FR,48.1167,5.1333,26.04,89,17,2.01,Clouds
364,Sinnar,SD,13.5691,33.5672,76.53,30,4,9.84,Clear
365,Lovozero,RU,68.005,35.0117,7.54,95,100,8.05,Clouds
366,Mizdah,LY,31.4451,12.9801,64.22,55,99,15.68,Clouds
367,Mirabad,AF,30.4362,61.8383,47.59,34,100,7.99,Clouds
368,Alofi,NU,-19.0595,-169.9187,79.45,81,100,14.63,Rain
369,Naze,JP,28.3667,129.4833,64.56,78,40,13.53,Clouds
370,Maniitsoq,GL,65.4167,-52.9,27.75,71,17,5.57,Clouds
371,Banda Aceh,ID,5.5577,95.3222,75.2,90,100,9.75,Clouds
372,San Roque,ES,36.2107,-5.3842,61.63,77,75,6.91,Clouds
373,Thai Binh,VN,20.45,106.3333,61.92,91,100,6.22,Clouds
374,Lakes Entrance,AU,-37.8811,147.981,54.16,75,33,5.57,Clouds
375,Mahibadhoo,MV,3.7833,72.9667,81.63,78,99,17.34,Clouds
376,Kalevala,RU,65.2,31.1667,21.09,93,99,8.9,Clouds
377,Kurilsk,RU,45.2333,147.8833,31.48,79,99,13.82,Snow
378,Namibe,AO,-15.1961,12.1522,71.19,77,20,3.53,Clouds
379,Borogontsy,RU,62.6683,131.1683,-29.65,99,100,2.55,Clouds
380,Hami,CN,42.8,93.45,22.84,51,99,10.22,Clouds
381,Xai-Xai,MZ,-25.0519,33.6442,76.3,82,0,10.27,Clear
382,Sao Sebastiao,BR,-23.76,-45.4097,77.95,78,22,5.44,Clouds
383,Saldanha,ZA,-33.0117,17.9442,67.84,81,63,4.79,Clouds
384,Bathsheba,BB,13.2167,-59.5167,82.06,70,40,8.05,Clouds
385,Boffa,GN,10.1667,-14.0333,81.5,83,0,4.83,Clear
386,Alta Floresta,BR,-9.8756,-56.0861,82.58,62,99,5.61,Clouds
387,Panzhihua,CN,26.5851,101.7128,46.58,70,0,1.21,Clear
388,Mokrousovo,RU,55.8103,66.7653,13.41,77,100,9.46,Clouds
389,Zyryanka,RU,65.75,150.85,-40.5,94,91,7.72,Clouds
390,Nerchinskiy Zavod,RU,51.3088,119.61,-16.8,100,97,2.57,Clouds
391,Weinan,CN,34.5036,109.5089,30.99,25,57,5.32,Clouds
392,Moose Factory,CA,51.2585,-80.6094,9.77,86,90,6.87,Clouds
393,Maraa,BR,-1.8333,-65.3667,87.4,62,99,1.68,Clouds
394,San Carlos De Bariloche,AR,-41.1456,-71.3082,64.24,32,20,25.32,Clouds
395,Samarai,PG,-10.6167,150.6667,82.0,78,60,4.05,Clouds
396,Pimentel,PE,-6.8367,-79.9342,75.49,60,20,18.41,Clouds
397,Inirida,CO,3.8653,-67.9239,85.06,70,78,1.86,Clouds
398,Yabrud,SY,33.9674,36.6574,44.2,75,12,4.68,Clouds
399,Praia Da Vitoria,PT,38.7333,-27.0667,66.76,87,13,32.86,Clouds
400,Rincon,US,32.296,-81.2354,55.85,88,100,5.75,Clouds
401,Caceres,ES,39.522,-6.3748,49.28,81,100,6.31,Clouds
402,Balkanabat,TM,39.5108,54.3671,33.73,39,0,8.9,Clear
403,Road Town,VG,18.4167,-64.6167,84.24,61,20,6.91,Clouds
404,Buala,SB,-8.145,159.5921,79.79,80,100,3.91,Rain
405,Manta,EC,-0.95,-80.7333,82.18,61,75,12.66,Clouds
406,Sola,VU,-13.8833,167.55,76.96,87,100,6.82,Clouds
407,Winsum,NL,53.33,6.5208,30.96,94,100,7.85,Snow
408,Verkhnyaya Inta,RU,65.9811,60.3094,-12.06,96,14,7.45,Clouds
409,Makakilo City,US,21.3469,-158.0858,79.12,61,0,21.85,Drizzle
410,Luganville,VU,-15.5333,167.1667,79.7,81,100,1.63,Clouds
411,Santa Lucia,ES,27.9117,-15.5407,65.52,83,40,2.3,Clouds
412,Bohodukhiv,UA,50.1647,35.5276,46.8,97,100,16.04,Clouds
413,Maragogi,BR,-9.0122,-35.2225,80.78,76,12,10.29,Clouds
414,Faya,SA,18.3851,42.4509,54.12,56,3,2.28,Clear
415,Cap Malheureux,MU,-19.9842,57.6142,77.47,71,24,5.99,Clouds
416,Port Macquarie,AU,-31.4333,152.9167,61.9,86,62,7.25,Clouds
417,Mubi,NG,10.2676,13.2644,74.01,22,0,3.85,Clear
418,Anapskaya,RU,44.89,37.38,55.63,76,0,15.66,Clear
419,Elat,IL,29.5581,34.9482,65.41,45,0,7.36,Clear
420,Sorland,NO,67.667,12.6934,30.06,78,84,12.59,Snow
421,Paamiut,GL,61.994,-49.6678,21.06,63,2,11.65,Clear
422,Baykit,RU,61.67,96.37,-17.63,99,99,3.76,Clouds
423,Taphan Hin,TH,16.2209,100.4198,78.96,92,97,1.36,Clouds
424,Miacatlan,MX,18.7667,-99.3667,83.97,32,0,3.44,Clear
425,Manggar,ID,-2.8833,108.2667,79.79,81,100,7.02,Clouds
426,Hammerfest,NO,70.6634,23.6821,19.85,73,0,11.5,Clear
427,Ola,RU,59.5833,151.2833,-12.44,97,85,6.6,Clouds
428,Arman,RU,59.7,150.1667,-15.34,95,84,6.96,Clouds
429,Palkino,RU,57.5409,28.0126,19.15,99,100,4.52,Clouds
430,Suntar,RU,62.1444,117.6319,-20.83,98,100,3.04,Clouds
431,Sri Aman,MY,1.2376,111.4621,72.19,99,99,1.79,Clouds
432,Puerto Del Rosario,ES,28.5004,-13.8627,73.15,64,20,1.14,Clouds
433,Petatlan,MX,17.5167,-101.2667,87.6,56,0,7.29,Clear
434,Ures,MX,29.4333,-110.4,73.27,17,0,2.24,Clear
435,Kohat,PK,33.582,71.4493,51.87,44,5,5.57,Clear
436,Ushtobe,KZ,45.2514,77.9838,0.99,83,2,6.98,Clear
437,Cabedelo,BR,-6.9811,-34.8339,84.87,74,83,11.92,Clouds
438,Otane,NZ,-39.8833,176.6333,66.0,91,96,0.96,Clouds
439,Bilma,NE,18.6853,12.9164,70.2,15,0,8.66,Clear
440,Iberia,US,29.9502,-91.7507,78.96,65,20,11.5,Clouds
441,Kahului,US,20.8947,-156.47,78.82,72,0,17.27,Clear
442,Celestun,MX,20.8667,-90.4,82.31,55,0,9.84,Clear
443,Beyneu,KZ,45.3167,55.2,24.51,80,2,11.3,Clear
444,Ponta Delgada,PT,37.7333,-25.6667,66.51,88,20,16.11,Clouds
445,Clifton,US,40.8584,-74.1638,42.21,59,75,10.36,Clouds
446,Lebedinyy,RU,58.5167,125.5167,-4.59,95,100,11.12,Clouds
447,Houma,US,29.5958,-90.7195,80.02,72,40,11.5,Clouds
448,Reconquista,AR,-29.15,-59.65,72.45,90,100,11.43,Clouds
449,Mehran,IR,33.1222,46.1646,56.97,47,0,8.86,Clear
450,Tamworth,GB,52.634,-1.6959,34.52,93,99,3.0,Clouds
451,Atasu,KZ,48.6814,71.6433,-12.93,99,38,2.66,Clouds
452,Zhob,PK,31.3411,69.4481,48.76,44,0,3.98,Clear
453,Amalapuram,IN,16.5833,82.0167,75.33,88,46,8.14,Clouds
454,San Juan,AR,-31.5375,-68.5364,96.19,20,0,6.42,Clear
455,Padang,ID,-0.9492,100.3543,75.42,97,100,6.55,Rain
456,Esso,RU,55.9333,158.7,-10.55,97,84,5.23,Clouds
457,Xushan,CN,30.1764,121.2457,49.96,79,92,14.83,Clouds
458,Esmeraldas,BR,-19.7625,-44.3139,85.06,70,54,4.05,Clouds
459,Henties Bay,NA,-22.116,14.2845,60.28,93,1,5.28,Clear
460,Chihuahua,MX,28.5,-106.0,67.21,27,7,14.27,Clear
461,Cabo San Lucas,MX,22.8909,-109.9124,82.62,55,0,12.66,Clear
462,Xuddur,SO,4.1213,43.8894,79.0,42,93,8.16,Clouds
463,Creel,MX,27.75,-107.6333,57.94,43,18,17.29,Clouds
464,Oranjemund,NA,-28.55,16.4333,64.99,95,1,4.54,Clear
465,Eirunepe,BR,-6.6603,-69.8736,83.97,70,100,2.98,Clouds
466,Kaitangata,NZ,-46.2817,169.8464,54.37,92,100,2.17,Clouds
467,Ribeira Brava,PT,32.65,-17.0667,75.0,93,100,12.57,Rain
468,Stromness,GB,58.965,-3.296,39.16,62,100,21.03,Clouds
469,Oktyabrskiy,RU,54.4815,53.471,15.62,76,100,16.98,Clouds
470,Concarneau,FR,47.875,-3.9225,41.83,82,24,3.96,Clouds
471,George Town,MY,5.4112,100.3354,77.9,92,20,0.0,Clouds
472,Inongo,CD,-1.95,18.2667,75.13,79,16,1.43,Clouds
473,Sumter,US,28.7086,-82.0831,80.98,63,11,5.99,Clouds
474,Axim,GH,4.8699,-2.2405,79.74,83,6,8.01,Clear
475,Samfya,ZM,-11.3649,29.5565,67.26,86,94,3.76,Rain
476,Nantucket,US,41.2835,-70.0995,42.15,84,100,28.07,Clouds
477,Olga,RU,43.7444,135.2892,16.75,71,2,7.92,Clear
478,Ventspils,LV,57.3894,21.5606,19.33,100,40,3.44,Clouds
479,Gazanjyk,TM,39.2446,55.5154,28.26,45,0,15.9,Clear
480,Puerto Escondido,MX,15.85,-97.0667,85.03,58,0,4.61,Clear
481,Obo,CF,5.3998,26.4869,79.57,44,91,3.09,Clouds
482,Kenai,US,60.5544,-151.2583,12.15,83,100,8.05,Mist
483,Nouakchott,MR,18.0858,-15.9785,76.93,60,0,11.27,Clear
484,Sao Joao Da Barra,BR,-21.6403,-41.0511,84.29,87,4,12.46,Clear
485,Macon,US,39.8667,-88.9668,42.87,68,100,4.34,Clouds
486,Moron,AR,-34.6534,-58.6198,88.95,56,0,12.33,Clear
487,Halifax,CA,44.6453,-63.5724,28.22,81,100,15.99,Clouds
488,Ellisras,ZA,-23.6649,27.7443,74.91,50,63,4.45,Clouds
489,Wilmington,US,34.2257,-77.9447,61.0,57,75,10.36,Clouds
490,Whitehorse,CA,60.7161,-135.0538,3.09,98,31,2.35,Clouds
491,Kamaishi,JP,39.2667,141.8833,39.97,86,100,8.1,Rain
492,San Jose Poaquil,GT,14.8197,-90.9064,67.66,52,9,5.88,Clear
493,Laguna,US,38.421,-121.4238,54.09,92,100,28.77,Rain
494,Bay Roberts,CA,47.5999,-53.2648,37.33,90,9,7.0,Clear
495,Remedios,CU,22.4947,-79.5458,81.52,64,55,9.93,Clouds
496,Awjilah,LY,29.1081,21.2869,71.35,22,4,6.82,Clear
497,Ambilobe,MG,-13.2,49.05,74.61,89,1,3.65,Clear
498,Otrado-Olginskoye,RU,45.3104,40.9397,39.9,65,12,9.01,Clouds
499,High Level,CA,58.5169,-117.136,-7.49,71,20,6.91,Clouds
500,Svetlaya,RU,46.5389,138.3297,14.86,69,94,6.46,Clouds
501,Nioki,CD,-2.7167,17.6833,75.58,79,59,1.25,Clouds
502,Katherine,AU,-14.4667,132.2667,82.72,74,54,5.75,Haze
503,Hailey,US,43.5196,-114.3153,29.98,79,100,5.75,Snow
504,Griffith,US,41.5284,-87.4237,39.15,90,100,4.61,Mist
505,Kokstad,ZA,-30.5472,29.4241,58.98,98,100,3.4,Rain
506,Moranbah,AU,-22.0016,148.0466,73.69,84,1,11.05,Clear
507,Udachnyy,RU,66.4167,112.4,-33.56,66,99,4.47,Clouds
508,Port Hedland,AU,-20.3167,118.5667,86.05,23,5,11.5,Clear
509,Bafq,IR,31.6128,55.4107,44.55,43,15,7.65,Clouds
510,Palu,ID,-0.8917,119.8707,74.91,96,96,1.92,Clouds
511,Ixtapa,MX,20.7,-105.2,83.23,67,3,4.0,Clear
512,Istok,XK,42.7808,20.4875,51.93,98,100,4.65,Rain
513,Walvis Bay,NA,-22.9575,14.5053,63.55,88,0,3.44,Clear
514,Xiongzhou,CN,25.1167,114.3,53.06,72,100,5.19,Clouds
515,Moree,AU,-29.4667,149.85,66.58,74,0,14.56,Clear
516,Beloha,MG,-25.1667,45.05,74.23,80,99,11.95,Clouds
517,Vadinsk,RU,53.6916,43.0574,30.9,93,100,19.86,Clouds
518,Paso De Carrasco,UY,-34.8603,-56.0522,81.05,56,0,20.71,Clear
519,Poum,NC,-20.2333,164.0167,79.9,79,3,7.9,Clear
520,Dunedin,NZ,-45.8742,170.5036,57.79,95,24,2.51,Clouds
521,Buluang,PH,13.3068,123.3425,75.27,95,100,4.0,Clouds
522,Catuday,PH,16.2923,119.8062,77.85,81,97,18.16,Clouds
523,Stokmarknes,NO,68.5646,14.9108,24.78,63,19,14.97,Clouds
524,Talnakh,RU,69.4865,88.3972,-28.43,93,49,3.51,Clouds
525,Brae,GB,60.3964,-1.353,39.72,58,94,18.05,Clouds
526,Surt,LY,31.2089,16.5887,71.73,60,100,16.46,Clouds
527,La Palma,US,33.8464,-118.0467,66.18,67,75,9.22,Clouds
528,Okhotsk,RU,59.3833,143.3,-24.86,84,20,10.78,Clouds
529,La Romana,DO,18.4273,-68.9728,84.56,70,75,9.22,Clouds
530,Sitka,US,57.0531,-135.33,30.09,59,0,3.44,Clear
531,Astoria,US,46.1879,-123.8313,48.43,91,100,5.75,Rain
532,Zhigansk,RU,66.7697,123.3711,-44.81,97,54,7.96,Clouds
533,Grootfontein,NA,-19.5667,18.1167,74.77,57,32,5.75,Clouds
534,Voh,NC,-20.9667,164.7,79.07,82,13,2.62,Clouds
535,Newport,GB,51.5877,-2.9984,37.62,73,13,1.05,Clouds
536,Lashio,MM,22.9333,97.75,50.36,78,0,1.88,Clear
537,Bulgan,MN,48.8125,103.5347,2.17,79,100,2.91,Clouds
538,Pozo Colorado,PY,-23.4923,-58.7972,105.03,27,99,11.36,Clouds
539,Narsaq,GL,60.9167,-46.05,16.02,64,0,8.1,Clear
540,Tabat,ID,-2.635,115.2274,72.25,96,63,0.76,Clouds
541,Montague,US,42.5356,-72.5351,39.31,62,0,6.49,Clear
542,Eyl,SO,7.9803,49.8164,75.88,71,38,18.01,Clouds
543,Polunochnoye,RU,60.8697,60.4153,4.23,96,100,3.56,Snow
544,Bubaque,GW,11.2833,-15.8333,81.52,74,10,13.35,Clear
545,Tagusao,PH,9.1924,117.8141,77.47,88,100,6.13,Clouds
546,Worthing,GB,50.8145,-0.3713,34.38,89,15,1.81,Clouds
547,Providencia,MX,28.7167,-111.5833,74.21,32,0,5.32,Clear
548,Portland,US,45.5234,-122.6762,52.05,94,100,6.91,Clouds
549,Ongole,IN,15.5,80.05,74.48,92,78,8.46,Clouds
550,Coolum Beach,AU,-26.5333,153.1,71.33,95,86,6.6,Clouds
551,Salamiyah,SY,35.0113,37.0532,53.37,71,5,1.9,Clear
552,Saint-Michel-Des-Saints,CA,46.6834,-73.9159,16.93,62,3,5.64,Clear
553,Bilibino,RU,68.0546,166.4372,-8.63,95,100,1.9,Clouds
554,Denpasar,ID,-8.65,115.2167,78.46,94,40,2.3,Clouds
555,Sambava,MG,-14.2667,50.1667,75.51,86,9,9.1,Rain
556,Fairbanks,US,64.8378,-147.7164,10.36,78,100,4.61,Clouds
557,Kirovsk,UA,48.6375,38.6428,42.89,69,100,17.72,Clouds
558,Northam,GB,51.0333,-4.2167,32.25,74,61,1.97,Snow
559,Bosaso,SO,11.2842,49.1816,74.91,75,57,3.98,Clouds
560,Fuerte Olimpo,PY,-21.0415,-57.8738,103.23,28,93,5.35,Clouds
561,Kieta,PG,-6.2167,155.6333,79.05,83,89,0.09,Clouds
562,Marawi,PH,7.9986,124.2928,67.26,89,100,5.23,Clouds
563,Colesberg,ZA,-30.72,25.0972,68.99,61,100,19.55,Rain
564,Druzhba,UA,52.0428,33.9453,38.61,100,100,9.28,Clouds
565,Cuamba,MZ,-14.8031,36.5372,68.92,94,98,3.4,Rain
566,Xining,CN,36.6167,101.7667,19.94,70,20,2.84,Clouds
567,Manicore,BR,-5.8092,-61.3003,88.32,53,100,1.88,Clouds
568,Abu Samrah,SY,35.3029,37.1841,53.01,73,7,3.62,Clear
569,Tondano,ID,1.3038,124.9112,66.29,93,97,1.61,Clouds
570,La Rioja,ES,42.25,-2.5,29.98,88,97,4.34,Clouds
571,Tigil,RU,57.8,158.6667,1.45,95,95,6.15,Clouds
572,Yuyao,CN,30.05,121.1494,49.77,82,86,11.61,Clouds
573,Mayumba,GA,-3.432,10.6554,77.83,90,99,6.15,Rain
574,Forssa,FI,60.8146,23.6215,29.68,97,100,3.6,Snow
575,Lasa,IT,46.6166,10.7002,36.48,94,94,8.5,Clouds
576,Iwanai,JP,42.9744,140.5089,31.75,77,98,6.29,Clouds
577,Tual,ID,-5.6667,132.75,83.43,73,100,11.59,Clouds
578,Lae,PG,-6.7221,146.9847,74.07,80,100,6.29,Clouds
579,Haines City,US,28.1142,-81.6179,79.88,60,0,4.61,Clear
580,Alassio,IT,44.0039,8.1671,50.95,83,1,8.99,Clear
581,Brawley,US,32.9787,-115.5303,68.25,34,0,2.75,Clear
582,Alvaraes,BR,-3.2208,-64.8042,82.27,53,100,3.27,Rain
583,Mezhova,UA,48.2532,36.7347,47.48,96,100,16.87,Clouds
584,Hilton Head Island,US,32.2163,-80.7526,57.25,93,100,6.91,Clouds
585,Namatanai,PG,-3.6667,152.4333,78.55,82,91,4.41,Clouds
586,Manono,CD,-7.3,27.4167,69.94,85,66,1.1,Clouds
587,Hokitika,NZ,-42.7167,170.9667,54.61,89,100,6.87,Clouds
588,Cooma,AU,-36.2333,149.1333,49.08,75,3,3.2,Clear
589,Port Augusta,AU,-32.5,137.7667,68.18,72,82,13.22,Clouds
590,Twin Falls,US,42.3505,-114.6445,41.34,42,100,17.27,Clouds
591,Cuxhaven,DE,53.8718,8.6909,30.4,80,100,5.75,Clouds
592,Krasnaya Gorka,RU,55.1962,56.6673,10.4,79,100,12.82,Clouds
593,Diamantino,BR,-14.4086,-56.4461,82.4,63,98,7.74,Clouds
594,Urgut,UZ,39.4022,67.2431,19.02,70,1,5.35,Clear
595,Kysyl-Syr,RU,63.8986,122.7617,-33.72,100,98,3.71,Clouds
596,Ketchikan,US,55.3422,-131.6461,39.18,64,0,6.91,Clear
597,Nueve De Julio,AR,-35.4444,-60.8831,94.96,28,0,1.99,Clear
598,Belaya Gora,RU,68.5333,146.4167,-21.39,98,100,7.36,Clouds
599,Kabinda,CD,-6.1333,24.4833,66.38,94,70,3.67,Rain
600,Margate,GB,51.3813,1.3862,36.9,81,8,1.01,Clear
601,Saint-Georges,GD,12.0564,-61.7485,82.08,65,20,5.75,Clouds
602,Woodward,US,36.4337,-99.3904,54.63,59,0,4.61,Clear
603,Coquimbo,CL,-29.9533,-71.3436,65.93,77,75,13.8,Clouds
604,Chandil,IN,22.9667,86.05,62.22,39,71,2.3,Clouds
605,Bundaberg,AU,-24.85,152.35,70.21,90,78,1.99,Rain
606,Tucuman,AR,-26.8241,-65.2226,73.4,83,75,5.75,Clouds
607,Bintulu,MY,3.1667,113.0333,73.81,100,20,0.0,Clouds
608,Beatrice,US,40.2681,-96.747,47.17,49,0,9.22,Clear
609,Hovd,MN,48.0056,91.6419,2.07,60,100,7.52,Clouds
610,Shitanjing,CN,39.2342,106.3439,13.32,28,77,6.55,Clouds
611,Myanaung,MM,18.2833,95.3167,72.37,73,9,4.68,Clear
612,Sibolga,ID,1.7427,98.7792,73.74,95,100,3.02,Clouds
613,Shache,CN,38.4167,77.2406,25.48,46,0,3.71,Clear
614,Cabinda,AO,-5.55,12.2,78.19,90,84,6.85,Rain
615,Stende,LV,57.15,22.5333,11.21,100,99,3.67,Clouds
616,Darlawn,IN,24.0167,92.9,52.45,92,6,2.8,Clear
617,Jijiga,ET,9.35,42.8,59.97,65,12,6.69,Clouds
618,Shelburne,CA,44.0787,-80.2041,27.05,84,100,12.3,Clouds
619,Matagami,CA,49.7502,-77.6328,12.31,67,0,4.61,Clear
620,Weymouth,US,42.2209,-70.9398,35.82,85,100,11.5,Clouds
621,Camiri,BO,-20.05,-63.5167,92.98,36,75,4.61,Clouds
622,Shahreza,IR,32.0339,51.8794,36.01,68,87,4.18,Clouds
623,Muisne,EC,0.6,-80.0333,76.5,75,86,10.0,Clouds
624,Deder,ET,9.3167,41.45,53.62,42,14,2.59,Clouds
625,Tha Chang,TH,9.2642,99.1922,79.21,88,65,4.9,Clouds
626,Huilong,CN,31.8111,121.655,45.93,63,96,19.44,Clouds
627,Auki,SB,-8.7676,160.7034,77.58,87,100,4.79,Clouds
628,Serenje,ZM,-13.2325,30.2352,61.57,98,58,3.11,Rain
629,Kaiyuan,CN,23.6977,103.3037,56.01,78,97,3.11,Clouds
630,Tirat Karmel,IL,32.7617,34.9719,56.68,67,8,6.04,Clear
631,Milkovo,RU,54.7167,158.6167,-3.71,92,100,0.25,Clouds
632,Christchurch,NZ,-43.5333,172.6333,64.47,77,98,3.44,Clouds
633,Ilheus,BR,-14.7889,-39.0494,82.22,89,20,3.44,Clouds
634,Chifeng,CN,42.2683,118.9636,14.58,49,0,6.44,Clear
635,Kemise,ET,10.7167,39.8667,63.07,55,3,1.99,Clear
636,Mancio Lima,BR,-7.6142,-72.8958,86.07,70,75,6.91,Clouds
637,Mahajanga,MG,-15.7167,46.3167,78.82,83,40,2.3,Rain
638,Fomboni,KM,-12.28,43.7425,81.72,72,8,1.61,Clear
639,Rawson,AR,-43.3002,-65.1023,75.11,26,38,4.34,Clouds
640,Vrangel,RU,42.7297,133.0839,21.7,56,0,11.07,Clear
641,Ilhabela,BR,-23.7781,-45.3581,77.14,79,27,6.51,Clouds
642,Buzmeyin,TM,38.0507,58.2056,31.73,40,100,4.61,Clouds
643,Pangody,RU,65.85,74.4859,-23.62,100,20,3.87,Clouds
644,Khipro,PK,25.8285,69.3772,67.17,29,0,10.33,Clear
645,Syamzha,RU,60.0158,41.0614,11.32,97,93,5.1,Clouds
646,Zhuanghe,CN,39.7008,122.9911,24.57,48,0,5.77,Clear
647,Itupiranga,BR,-5.1347,-49.3267,88.12,65,99,1.7,Clouds
648,Ribas Do Rio Pardo,BR,-20.4431,-53.7592,78.51,79,100,11.88,Clouds
649,Mogocha,RU,53.7333,119.7667,-12.77,99,52,1.81,Clouds
650,Kudat,MY,6.8837,116.8477,76.93,88,40,10.36,Clouds
651,Gannan,CN,47.9147,123.5031,-1.1,91,5,4.52,Clear
652,Zhezkazgan,KZ,47.8043,67.7144,2.75,89,6,5.84,Clear
653,Maturin,VE,9.75,-63.1767,89.44,45,73,8.05,Clouds
654,Huron,US,41.1501,-82.5499,39.69,85,100,2.06,Clouds
655,Martinsville,US,36.6915,-79.8725,47.37,72,100,0.0,Clouds
656,Hay River,CA,60.8156,-115.7999,-5.82,71,100,9.22,Clouds
657,Diamantina,BR,-18.2494,-43.6003,73.06,71,93,0.98,Clouds
658,Juneau,US,58.3019,-134.4197,26.22,88,20,0.0,Clouds
659,Narasannapeta,IN,18.4167,84.05,73.63,86,89,10.33,Rain
660,Caracoli,CO,6.4119,-74.7606,79.93,70,82,1.59,Clouds
661,Killarney,IE,52.05,-9.5167,28.45,100,20,2.3,Fog
662,Huangnihe,CN,43.5583,128.0239,7.97,89,5,5.21,Clear
663,Mandalgovi,MN,45.7625,106.2708,8.91,45,100,15.12,Clouds
664,Namwala,ZM,-15.7504,26.4384,67.21,91,74,4.61,Clouds
665,Tateyama,JP,34.9833,139.8667,59.22,63,9,14.92,Clear
666,Huarmey,PE,-10.0681,-78.1522,70.66,77,95,8.63,Clouds
667,Samdari,IN,25.8167,72.5833,65.79,35,0,8.28,Clear
668,Ninghai,CN,29.2892,121.4247,49.37,84,86,12.48,Clouds
669,Cristalina,BR,-16.7686,-47.6136,65.66,89,100,4.21,Clouds
670,Namtsy,RU,62.7161,129.6658,-31.04,100,100,2.86,Clouds
671,Nikolayevka,RU,53.1257,47.2041,21.69,73,100,16.4,Clouds
672,Menongue,AO,-14.6585,17.691,64.18,95,100,3.67,Rain
673,San Lucas,MX,16.6,-92.7167,79.56,59,29,2.82,Rain
674,Defiance,US,41.3334,-84.45,38.07,81,100,0.0,Clouds
675,Bedele,ET,8.456,36.353,57.56,75,45,4.07,Clouds
676,Sikeston,US,36.8767,-89.5879,49.89,100,100,0.0,Clouds
677,Mugla,TR,37.2303,28.3557,50.85,96,100,8.86,Clouds
678,Inhambane,MZ,-23.865,35.3833,76.42,84,0,7.83,Clear
679,Vagur,FO,61.4732,-6.8119,41.34,67,100,24.0,Rain
680,Longonjo,AO,-12.9067,15.2533,63.36,88,48,2.71,Clouds
681,Port-Gentil,GA,-0.7193,8.7815,78.76,89,40,3.44,Rain
682,Torit,SS,4.4133,32.5678,77.63,58,58,2.71,Rain
683,Alice Springs,AU,-23.7,133.8833,88.21,40,67,5.75,Clouds
684,Nur,PL,52.6683,22.3221,29.55,94,100,8.55,Clouds
685,Vierzon,FR,47.2101,2.0625,26.98,87,9,2.24,Clear
686,Craig,US,40.5153,-107.5464,28.02,73,0,3.44,Clear
687,Patamundai,IN,20.5667,86.5667,67.86,51,93,4.07,Clouds
688,Olean,US,42.0776,-78.4297,43.38,30,0,9.22,Clear
689,Amuntai,ID,-2.4177,115.2494,72.18,97,76,0.31,Clouds
690,Urengoy,RU,65.9667,78.3667,-24.38,99,23,5.12,Clouds
691,Bonavista,CA,48.6499,-53.1147,35.74,90,77,21.45,Clouds
692,Collie,AU,-33.3667,116.15,48.07,90,0,6.91,Clear
693,Mengcheng,CN,33.2579,116.5655,31.84,54,5,6.17,Clear
694,Aksu,CN,41.1231,80.2644,21.72,57,7,2.55,Clear
695,Kavaratti,IN,10.5669,72.642,81.32,69,20,12.06,Clouds
696,Dalnegorsk,RU,44.5604,135.5701,10.63,85,21,7.07,Clouds
697,Fraserburgh,GB,57.6874,-2.0184,39.49,64,99,19.06,Clouds
698,Amahai,ID,-3.3333,128.9167,78.58,84,93,3.78,Clouds
699,Pitimbu,BR,-7.4706,-34.8086,84.79,73,40,10.4,Clouds
700,Pout,SN,14.7739,-17.0603,79.56,83,0,10.36,Clear
701,Praia,CV,14.9215,-23.5087,75.74,73,20,18.41,Clouds
702,Champerico,GT,14.3,-91.9167,93.74,65,4,7.36,Clear
703,Shimanovsk,RU,52.0,127.7,-13.16,100,25,3.8,Clouds
704,Venado Tuerto,AR,-33.7456,-61.9688,89.76,33,38,11.05,Clouds
705,Nara,JP,34.6851,135.8049,45.97,71,100,2.59,Rain
